{"1":"Accessories","66":"Art & Collectibles","132":"Bags & Purses","199":"Bath & Beauty","323":"Books, Movies & Music","374":"Clothing","562":"Craft Supplies & Tools","825":"Electronics & Accessories","891":"Home & Living","1179":"Jewelry","1250":"Paper & Party Supplies","1351":"Pet Supplies","1429":"Shoes","1552":"Toys & Games","1633":"Weddings","2":"Belts & Suspenders","6":"Costume Accessories","16":"Gloves & Mittens","25":"Hats & Caps","39":"Patches & Pins","42":"Scarves & Wraps","48":"Suit & Tie Accessories","58":"Sunglasses & Eyewear","65":"Umbrellas & Rain Accessories","164":"Keychains & Lanyards","219":"Hair Accessories","1728":"Baby Accessories","10783":"Bouquets & Corsages","11245":"Hand Fans","12235":"Latkans","67":"Collectibles","75":"Drawing & Illustration","82":"Fiber Arts","99":"Mixed Media & Collage","104":"Glass Art","105":"Painting","115":"Photography","119":"Prints","128":"Sculpture","1612":"Dolls & Miniatures","1865":"Artist Trading Cards","6096":"Fine Art Ceramics","133":"Accessory Cases","136":"Backpacks","137":"Clothing & Shoe Bags","141":"Cosmetic & Toiletry Storage","149":"Diaper Bags","150":"Fanny Packs","151":"Food & Insulated Bags","156":"Handbags","168":"Luggage & Travel","180":"Market Bags","181":"Messenger Bags","182":"Pouches & Coin Purses","183":"Sports Bags","190":"Totes","191":"Wallets & Money Clips","292":"Skin Care","200":"Baby & Child Care","270":"Personal Care","241":"Makeup & Cosmetics","210":"Bath Accessories","308":"Soaps","215":"Essential Oils","216":"Fragrances","217":"Hair Care","316":"Spa & Relaxation","324":"Books","355":"Movies","356":"Music","373":"Video Cases & Tins","375":"Boys' Clothing","401":"Girls' Clothing","432":"Men's Clothing","465":"Unisex Adult Clothing","484":"Unisex Kids' Clothing","500":"Women's Clothing","6241":"Decorations & Embellishments","6242":"Blanks","6244":"Safety & Cleaning Supplies","9124":"Beauty Supplies","6245":"Doll & Model Supplies","6246":"Fabric & Notions","6216":"Brushes","6217":"Canvas & Surfaces","6218":"Frames, Hoops & Stands","9322":"Yarn & Fiber","6219":"Closures & Fasteners","6220":"Findings","6221":"Kitchen Supplies","6223":"Glue & Adhesives","6224":"Knives & Cutting Tools","6227":"Molds","9139":"Imaging & Lighting","6228":"Party & Gifting","6229":"Patterns & How To","9205":"Beads, Gems & Cabochons","6230":"Floral & Garden Supplies","6231":"Raw Materials","6232":"Stamps & Seals","6233":"Storage & Organization","6234":"String, Cord & Wire","6235":"Tools & Equipment","6236":"Pens, Pencils & Marking Tools","6237":"Paints, Inks & Dyes","826":"Audio","832":"Batteries & Charging","835":"Cables & Cords","838":"Cameras & Equipment","846":"Car Parts & Accessories","847":"Cell Phone Accessories","850":"Computers & Peripherals","855":"Decals & Skins","861":"Docking & Stands","865":"Electronics Cases","875":"Gadgets","876":"Maker Supplies","880":"Parts & Electrical","885":"Telephones & Handsets","886":"TV & Projection","890":"Video Games","930":"Food & Drink","900":"Bathroom","1031":"Kitchen & Dining","967":"Furniture","1096":"Office","1002":"Home Decor","779":"Home Improvement","1165":"Storage & Organization","1135":"Spirituality & Religion","911":"Bedding","1105":"Outdoor & Gardening","919":"Cleaning Supplies","1178":"Curtains & Window Treatments","892":"Home Appliances","1086":"Lighting","927":"Floor & Rugs","1181":"Body Jewelry","1193":"Bracelets","1203":"Earrings","1216":"Jewelry Storage","1217":"Necklaces","1231":"Rings","1249":"Watches","2115":"Jewelry Sets","6110":"Wearable Tech Jewelry","10840":"Brooches, Pins & Clips","10842":"Cremation & Memorial Jewelry","1251":"Paper","1330":"Party Supplies","1352":"Beekeeping","1353":"Pet Bedding","1358":"Pet Carriers & Houses","1368":"Pet Clothing, Accessories & Shoes","1383":"Pet Collars & Leashes","1388":"Pet Feeding","1394":"Pet Furniture","1401":"Pet Gates & Fences","1402":"Pet Health & Wellness","1415":"Pet Storage","1416":"Pet Toys","1421":"Riding & Farm Animals","1422":"Training","1425":"Urns & Memorials","1430":"Boys' Shoes","1440":"Girls' Shoes","1451":"Insoles & Accessories","1458":"Men's Shoes","1485":"Unisex Adult Shoes","1504":"Unisex Kids' Shoes","1512":"Women's Shoes","1553":"Games & Puzzles","1560":"Sports & Outdoor Recreation","1580":"Toys","1634":"Accessories","1652":"Clothing","1657":"Decorations","1664":"Gifts & Mementos","1672":"Invitations & Paper","1680":"Jewelry","1696":"Shoes","3":"Belt Buckles","4":"Belts","5":"Suspenders","7":"Capes","8":"Costume Goggles","9":"Costume Hats & Headpieces","10":"Costume Weapons","11":"Facial Hair","12":"Masks & Prosthetics","13":"Costume Tails & Ears","14":"Wands","15":"Wings","17":"Arm Warmers","18":"Costume Gloves","19":"Driving Gloves","20":"Evening & Formal Gloves","21":"Gardening & Work Gloves","22":"Mittens & Muffs","23":"Sports Gloves","24":"Winter Gloves","26":"Baseball & Trucker Caps","27":"Berets & Tams","28":"Bucket Hats","29":"Cowboy Hats","30":"Earmuffs & Ear Warmers","31":"Fedoras","32":"Formal Hats","33":"Newsboy Caps","34":"Sun Hats & Visors","35":"Veils","36":"Winter Hats","1727":"Fascinators & Mini Hats","2153":"Helmets","2535":"Boaters & Panama Hats","6080":"Slouchy Hats","11316":"Hat Pins & Stick Pins","40":"Patches","41":"Pins & Pinback Buttons","43":"Bandanas","44":"Collars & Bibs","45":"Handkerchiefs","46":"Scarves","47":"Shawls & Wraps","12184":"Dupattas","49":"Ascots","50":"Bolo Ties","51":"Bow Ties","53":"Cummerbunds","54":"Neckties","55":"Pocket Squares","56":"Shirt Studs","57":"Cuff Links & Tie Clips","59":"Glasses","60":"Glasses Cases","61":"Glasses Chains","62":"Reading Glasses","63":"Sports Goggles","64":"Sunglasses","11335":"Contact Lens Cases","11358":"Eyeglass Stands","1769":"Umbrellas","165":"Keychains","166":"Lanyards & Badge Holders","167":"Zipper Charms","220":"Barrettes & Clips","221":"Bun Holders & Makers","222":"Decorative Combs","224":"Hair Pins","225":"Headbands & Turbans","226":"Ties & Elastics","227":"Wreaths & Tiaras","1758":"Hair Jewelry","6114":"Hair Picks","12214":"Gajras","135":"Baby Carriers & Wraps","6078":"Children's Photo Props","603":"Bouquets","604":"Corsages","11276":"Boutonni\u00e8res","2848":"Advertisements","2850":"Collectible Plates","68":"Coins & Money","69":"Figurines & Knick Knacks","70":"Memorabilia","1866":"Tobacciana","2781":"Collectible Glass","1886":"Music Boxes","2783":"Paperweights","2847":"Postage Stamps","76":"Charcoal","77":"Digital","78":"Marker","79":"Pastel","80":"Pen & Ink","81":"Pencil","2070":"Architectural Drawings","83":"Basket Weaving","84":"Batik","85":"Crewel","86":"Crochet","87":"Cross Stitch","88":"Embroidery","89":"Felting","90":"Knitting","91":"Macrame","92":"Needlepoint","93":"Quilting","94":"Rugmaking","95":"Sashiko","96":"Sewing","97":"Tatting & Lace","98":"Weaving","100":"Mosaic","101":"Other Assemblage","102":"Paint & Canvas","103":"Paper","2811":"Suncatchers","2885":"Mosaics","2887":"Panels & Wall Hangings","2889":"Glass Sculptures & Figurines","106":"Acrylic","107":"Combination","108":"Encaustics","109":"Gouache","110":"Ink","111":"Mixed","112":"Oil","113":"Spray Paint","114":"Watercolor","116":"Black & White","117":"Color","118":"Sepia","120":"Etchings & Engravings","121":"Gicl\u00e9e","122":"Letterpress Prints","123":"Lithographs","124":"Monotypes","125":"Music & Movie Posters","126":"Screenprints","127":"Wood & Linocut Prints","2078":"Digital Prints","129":"Art Objects","130":"Figurines","131":"Vessels","1606":"Dollhouses","1798":"Miniatures","1799":"Figurines","2097":"Art Dolls","2895":"Dioramas","134":"Cigarette Cases","11327":"Pill Boxes","138":"Hat Boxes","139":"Laundry & Lingerie Bags","140":"Shoe Bags","142":"Brush Rolls & Holders","143":"Cosmetic Bags","144":"Vanity Storage","145":"Makeup Organizers","146":"Nail Polish Organizers","147":"Refillable Containers","148":"Toiletry Kits & Travel Cases","152":"Drink Holders & Cozies","153":"Lunch Bags & Boxes","154":"Picnic Baskets & Bags","155":"Snack & Sandwich Bags","157":"Clutches & Evening Bags","158":"Crossbody Bags","159":"Hobo Bags","160":"Purse Inserts","161":"Shoulder Bags","162":"Top Handle Bags","163":"Wristlets","11296":"Purse Straps","169":"Briefcases & Attaches","170":"Duffel Bags","171":"Garment Bags","172":"Luggage Straps","173":"Luggage Tags","174":"Overnight Bags","175":"Passport Covers","176":"Rolling Luggage","177":"Suitcases","178":"Train Cases","179":"Travel Wallets","12069":"Luggage Covers","184":"Arm Bands & Wrist Wallets","185":"Bowling Ball Bags","186":"Cycling Bags","187":"Team Sports & Gym Bags","188":"Tennis & Golf Bags","189":"Yoga Bags","1699":"Wet & Beach Bags","192":"Business Card Cases","193":"Chain Wallets","194":"Checkbook Covers","195":"Coupon Organizer","196":"Money Clips","197":"Wallets","294":"Bleaching & Fade Creams","296":"Exfoliation & Peels","297":"Eye Treatments","298":"Facial Care","302":"Moisturizers","303":"Salves & Balms","304":"Tattooing & Henna","201":"Bibs & Burping","202":"Changing Pads","203":"Diapers","204":"Feeding","205":"Nursing","206":"Pacifiers & Clips","207":"Sets","208":"Teething","271":"Bug Repellent","272":"Canes & Walking","273":"Deodorant","274":"Menstrual Care","275":"Oral Care","276":"Sexual Wellness","282":"Shaving & Grooming","290":"Supplements","291":"Tinctures","12112":"Face Masks & Coverings","12138":"Face Mask Accessories","242":"Eyes","248":"Face","255":"Lips","259":"Makeup Tools & Brushes","263":"Nails","211":"Loofahs","212":"Poufs","213":"Sponges & Body Brushes","214":"Washcloths","309":"Bar Soaps","310":"Bath Bombs","311":"Bath Oils","312":"Bath Salts & Scrubs","313":"Body Washes & Liquid Soaps","314":"Bubble Bath","315":"Sachets & Soaks","218":"Conditioners & Treatments","228":"Hair Dye & Color","231":"Hair Extensions","232":"Hair Styling","238":"Shampoos","239":"Shower Caps","240":"Wigs","317":"Aromatherapy","318":"Cold & Heat Packs","319":"Massage","322":"Spa Kits & Gifts","325":"Blank Books","328":"Book Accessories","335":"Art & Photography Books","336":"Biographies & Autobiographies","337":"Book Sets & Collections","338":"Children's Books","339":"Coloring Books","340":"Comics & Graphic Novels","341":"Cookbooks","343":"Guides & How Tos","344":"Health & Fitness Books","345":"History Books","346":"Humor Books","347":"Literature & Fiction","349":"Poetry Books","350":"Reference Books","351":"Religion & Spirituality Books","352":"Science & Math Books","353":"Zines & Magazines","357":"Gig Bags & Instrument Cases","358":"Instrument Straps","359":"Musical Instruments","369":"Music Cases & Sleeves","370":"Picks & Slides","371":"Recorded Audio","372":"Sheet Music","376":"Sports & Fitness","377":"Baby Boys' Clothing","387":"Bodysuits","388":"Clothing Sets","389":"Costumes","390":"Footies & Rompers","391":"Hoodies & Sweatshirts","392":"Jackets & Coats","393":"Pajamas & Robes","394":"Pants","395":"Shorts","397":"Sweaters","398":"Swimwear","399":"Tops & Tees","400":"Underwear","2832":"Ponchos","6089":"Suits","6090":"Vests","11138":"Jeans","11212":"Socks & Leg Warmers","11221":"Leggings","11239":"Overalls & Coveralls","402":"Sports & Fitness","403":"Baby Girls' Clothing","416":"Bodysuits","417":"Clothing Sets","418":"Costumes","419":"Dresses","420":"Footies & Rompers","421":"Hoodies & Sweatshirts","422":"Jackets & Coats","423":"Pajamas & Robes","424":"Pants & Capris","425":"Shorts & Skorts","426":"Skirts","427":"Socks & Leg Warmers","428":"Sweaters","429":"Swimwear","430":"Tops & Tees","431":"Underwear","2833":"Ponchos","11146":"Vests","11147":"Jeans","11162":"Leggings","11241":"Overalls","12200":"Salwar Kameez","12201":"Lehengas","433":"Sports & Fitness","434":"Costumes","435":"Hoodies & Sweatshirts","436":"Jackets & Coats","437":"Kilts & Skirts","438":"Pajamas & Robes","443":"Pants","444":"Shirts & Tees","450":"Shorts","451":"Socks","455":"Suits & Sport Coats","456":"Sweaters","460":"Swimwear","461":"Underwear","2826":"Jeans","2834":"Ponchos","2838":"Vests","11131":"Overalls & Coveralls","11132":"Harnesses","11224":"Leggings","466":"Sports & Fitness","467":"Blazers","468":"Costumes","469":"Hoodies & Sweatshirts","470":"Jeans","471":"Pants","472":"Socks & Hosiery","475":"Suits","476":"Sweaters","477":"Swimwear","478":"Tops & Tees","483":"Underwear","1754":"Shorts","1755":"Pajamas & Robes","1756":"Overalls & Coveralls","2142":"Jackets & Coats","2836":"Ponchos","2915":"Vests","11166":"Skirts & Kilts","11223":"Leggings","485":"Sports & Fitness","486":"Bodysuits","487":"Clothing Sets","488":"Costumes","489":"Footies & Rompers","490":"Hoodies & Sweatshirts","491":"Jackets & Coats","492":"Pajamas & Robes","493":"Pants","494":"Shorts","495":"Socks & Leg Warmers","496":"Sweaters","497":"Swimwear","498":"Tops & Tees","499":"Underwear","2122":"Unisex Baby Clothing","2837":"Ponchos","11211":"Vests","11222":"Leggings","11242":"Overalls","11243":"Skirts & Kilts","11244":"Jeans","501":"Sports & Fitness","504":"Costumes","505":"Dresses","506":"Hoodies & Sweatshirts","507":"Jackets & Coats","508":"Jeans","509":"Jumpsuits & Rompers","510":"Leggings","511":"Lingerie","526":"Overalls","527":"Pajamas & Robes","534":"Pants & Capris","535":"Shorts & Skorts","536":"Skirts","537":"Socks & Hosiery","548":"Sweaters","552":"Swimwear","553":"Tops & Tees","561":"Vests","2835":"Ponchos","11112":"Blazers & Suits","11113":"Bodysuits & Catsuits","12169":"Sarees","12183":"Lehengas","6428":"Glitter","6429":"Rhinestones","6430":"Feathers","6431":"Studs","6432":"Bells","6434":"Doilies","6435":"Eyes","6436":"Filigrees","6437":"Mirrors","6438":"Pom Poms","6439":"Sequins","6440":"Shells","6441":"Book Headbands","6442":"Bolos & Conchos","6443":"Corners","9338":"Tassels","6444":"Jewelry","6445":"Forms & Shapes","6446":"Figurines","6762":"Hat & Hair Blanks","6447":"Safety Supplies","6448":"Cleaning Supplies","6222":"Fragrances","9125":"Oils & Butters","9126":"Hair Extensions","9127":"Soap Supplies","6450":"Miniatures","6792":"Doll Parts","6793":"Doll Clothes & Accessories","6794":"Starter Dollhouses","6795":"Music Buttons","6796":"Noise Makers","6797":"Blank Dolls","6451":"Fabric","6452":"Ribbon","6453":"Lace & Trims","6454":"Piping","6455":"Notions","6248":"Paint Brushes","6249":"Paint Rollers","6250":"Airbrushes","6338":"Paper","6597":"Journals & Albums","6598":"Stencils, Templates & Transfers","6252":"Canvas","6253":"Panels & Art Boards","6255":"Screens & Mesh","6256":"Printing Plates","9204":"Tile","6364":"Linoleum","6257":"Frames","6258":"Hoops","6259":"Frame Mats","6260":"Mounting Boards","6261":"Trivets","6262":"Easels","6263":"Tripods","6264":"Stands","6266":"Book Cradles","6243":"Yarn","6631":"Stuffing, Batting & Filling","6632":"Roving","6634":"Interfacing & Stabilizers","6636":"Batts","6637":"Mull Cloth","6267":"Snaps","6268":"Hook & Loop","6269":"Buckles","6270":"Buttons","6271":"Zippers","6272":"Eyelets & Grommets","6273":"Hooks & Eyes","6274":"Frog Closures","6275":"Locks","6276":"Rivets","6277":"Brads","6278":"Belt Loops","6279":"Clothespins","6280":"Bails","6281":"Clasps & Clips","6282":"Rings","6283":"Chain Links","6284":"Connectors","6285":"Crimps & Crimp Beads","6286":"Posts","6287":"Bead Caps","6288":"Bead Cones","6289":"Ear Wires & Hooks","6290":"Ear Nuts & Backs","6291":"End Bars","6292":"Separator Bars","6293":"Settings & Bezel Cups","6294":"Chains","6295":"Watch Findings","6296":"Bead Inserts","6297":"Ear Hoops","6298":"Threaders","6299":"Stampings","9190":"Bead Tips","9323":"End Caps","6303":"Baking & Cake Decorations","6304":"Food Starters & Additives","6305":"Fermentation & Brewing Supplies","6306":"Tape","6307":"Adhesives","6308":"Magnets","6309":"Suction Cups","6310":"Mounting Putty & Squares","6311":"Tape Dispensers","6643":"Releasing Agents","6312":"Scissors & Shears","6313":"Knives","6314":"Blades","6315":"Seam Rippers","6316":"Cutting Mats","6317":"Sharpening Tools","6318":"Cutters & Trimmers","6319":"Saws","6320":"Punches","6321":"Axes","6323":"Slicers","6324":"Engravers","6325":"Edgers","6326":"Tear Bars","6702":"Routers","6226":"Lighting","6330":"Magnifiers","6341":"Party Supplies","6343":"Patterns & Blueprints","6344":"Tutorials","6345":"Books & Magazines","6346":"Kits","6347":"Recipes","6238":"Beads","6239":"Charms & Pendants","6240":"Cabochons","6648":"Gemstones","6348":"Floral","6349":"Greenery & Gardening","6352":"Glass","6353":"Leather","6355":"Metal","6356":"Plastic","6357":"Resin","6358":"Silicone & Rubber","6359":"Stones & Rocks","6360":"Wax","6361":"Wood","6362":"Cork","6363":"Concrete & Cement","9186":"Clay & Ceramic","6365":"Stamps","6367":"Seals","6368":"Stamp Blocks","6369":"Stamp Holders","6372":"Containers","6374":"Racks & Shelves","6377":"Trays & Boards","6381":"Caddies & Holders","6382":"Portfolios","6385":"Workbenches","6674":"Jewelry Displays","6675":"Display Cases & Cabinets","6676":"Hat Forms & Stands","6677":"Dress Forms & Mannequins","6386":"Rope","6387":"Twine","6388":"String","6389":"Cord","6390":"Ties","6391":"Wire","6392":"Stems & Pipe Cleaners","6393":"Wicks","6394":"Leather Lacing","9328":"Fishing Line","6396":"Tools","6397":"Tool Sets","6398":"Equipment & Machines","6399":"Parts","6401":"Pens","6402":"Nibs & Nib Holders","6403":"Pen Refills","6404":"Pencils","6405":"Lead Refills","6406":"Markers","6407":"Chalk","6408":"Crayons","6409":"Charcoals","6410":"Erasers","6411":"Pencil Sharpeners","6412":"Pastels","6413":"Correction Fluid & Tape","6987":"Printing Blocks & Type","6416":"Paint","6417":"Glazes","6418":"Primers","6420":"Pigments","6422":"Enamel Powder","6423":"Palettes","6424":"Dyes","6425":"Embossing Powder","6638":"Stains","6639":"Solvents","6640":"Thinners","6641":"Lubricants","6642":"Varnishes","9191":"Inks","827":"Boomboxes & Portable Audio","828":"Headphones & Stands","829":"Microphones","830":"Record Players","831":"Stereos & Home Audio","833":"Batteries","834":"Chargers","836":"Cables","837":"Cord Ties & Organizers","840":"Cameras","841":"Flashes & Lighting","842":"Lenses & Filters","843":"Photography Accessories","844":"Slides & Accessories","6893":"Film Development Chemicals","9141":"Film","12106":"Presets & Photo Filters","1894":"Car Parts","1895":"Car Accessories","6064":"License Plates","848":"Plugs & Charms","849":"Styluses","851":"Computers","852":"Drives & Memory","853":"Keyboards & Mice","854":"Monitors & Accessories","856":"Keyboard","857":"Laptop","858":"Phone","859":"Tablet","862":"Docking Stations","863":"Laptop Trays & Stands","864":"Stands","866":"Camera Bags & Cases","871":"Laptop Bags","872":"Laptop Sleeves","873":"Phone Cases","874":"Tablet & E-Reader Cases","877":"3D Printing & Machining","878":"Raspberry Pi & Arduino","879":"Robotics","881":"Bulbs & Tubes","882":"Parts","883":"Sockets & Wiring","884":"Testing & Calibration","6995":"Electrodes","6996":"Electrode Holders","6997":"Transformers","7001":"Motors","887":"Projectors","888":"Televisions","889":"Video Players","12189":"Arcade Games","12190":"Consoles","12191":"Controllers & Joysticks","12192":"Games","12193":"Handheld & Pocket Games","12194":"Parts & Modifications","12197":"Stands & Displays","931":"Baked Goods","940":"Candy","951":"Coffee & Tea","956":"Condiments & Sauces","957":"Herbs, Spices & Seasonings","961":"Preserves","965":"Snacks","966":"Soups & Packaged Mixes","901":"Bath Mats & Rugs","902":"Bathroom Decor","903":"Bathroom Vanities","904":"Bath Towels","905":"Beach Towels","906":"Cups & Storage","908":"Shower Curtains & Rings","909":"Soap Dishes & Dispensers","910":"Towel Racks & Rods","11315":"Medicine Cabinets","11647":"Bathtub Trays","11650":"Bathroom Scales","609":"Bakeware","894":"Coffee & Tea Makers","1033":"Cookware","1043":"Dining & Serving","1054":"Drink & Barware","1073":"Kitchen Decor","1076":"Kitchen Storage","1081":"Linens","2301":"Small Kitchen Appliances","968":"Bedroom Furniture","973":"Dining Room Furniture","979":"Entryway Furniture","980":"Kids' Furniture","989":"Living Room Furniture","999":"Office Furniture","1097":"Banks & Cash Boxes","1098":"Chalkboards","1099":"Dry Erase Boards","1100":"Message & Bulletin Boards","1101":"Office & Desk Storage","1102":"Office & School Supplies","1103":"Paperweights","1104":"Typewriters","12159":"Sneeze Guards & Partitions","330":"Bookends","1003":"Baskets & Bowls","1004":"Candles & Holders","1015":"Chair Pads & Covers","1016":"Clocks","1017":"Decorative Pillows","1018":"Decorative Trays","1019":"Doilies","1020":"Floral Arrangements","1021":"Mirrors","1022":"Mobiles","1023":"Ornaments & Accents","1024":"Frames & Displays","1025":"Taxidermy & Curiosities","1026":"Vases","1027":"Wall Decor","1030":"Wreaths & Door Hangers","1893":"Rocks & Geodes","2067":"Globes & Maps","2858":"Home Fragrances","2869":"Statues","2913":"Decorative Tiles","6081":"Bells","11486":"Piggy Banks","12219":"Fireplace Screens","12239":"Indoor Fountains","780":"Doors & Locks","781":"Flooring","782":"Hinges","783":"Drawer Knobs & Pulls","784":"Moldings & Trim","785":"Plumbing","786":"Windows","10792":"Fillers & Spackling","10797":"Finials","10799":"Hardware","1166":"Baskets","1167":"Boxes & Bins","1168":"Cabinets & Food Storage","1169":"Garage Storage","1170":"Hooks & Fixtures","1171":"Ladders & Stepstools","1172":"Laundry Bags & Hampers","1173":"Outdoor Storage","1174":"Recycling & Trash","1175":"Shelving","1176":"Shoe Storage","1177":"Toy Storage","1860":"Hangers & Clothing Storage","11488":"Diaper Stackers","11502":"Diaper Caddies","1136":"Altars, Shrines & Tools","1137":"Ceremonial Pipes","1138":"Divination Tools","1139":"Meditation","1140":"Natural Curios","1141":"Prayer Mats & Rugs","1142":"Reiki & Chakras","1143":"Religious Candles & Incense","1150":"Religious Clothing","1151":"Religious Home & Decor","1153":"Prayer Beads & Charms","1161":"Religious Music","1163":"Religious Statuary","1869":"Cemetery & Funeral","6053":"Psychic Readings","6054":"Tarot Readings & Divinations","912":"Bed Pillows","913":"Blankets & Throws","917":"Duvet Covers","918":"Sheets & Pillowcases","984":"Moses Baskets & Hammocks","11531":"Baby Nests","11535":"Crib Bumpers","11556":"Crib Skirts","11560":"Crib Rail Covers","1106":"Coolers","1107":"Feeders & Birdhouses","1108":"Fire Pits & Wood","1109":"Garden Boxes","1110":"Garden Decoration","1111":"Garden Gloves & Aprons","1112":"Gardening Tools","1113":"Greenhouses & Hydroponics","1114":"Grills & Accessories","1115":"Hammocks & Swings","1116":"Mailboxes","1117":"Outdoor Lighting","1118":"Patio Furniture","1119":"Planters & Pots","1120":"Plants","1130":"Plant Stands","1132":"Seeds & Seed Bombs","1133":"Watering & Hoses","1134":"Wheels & Wheelbarrows","6627":"Plant Accessories","920":"Air Fresheners","922":"Buckets, Mops & Brooms","923":"Cleaning Gloves","924":"Cleaning Products","925":"Cloths & Sponges","926":"Laundry Supplies","2182":"Curtains","2183":"Window Treatments","893":"Appliance Decals","895":"Fans & Heaters","896":"Irons & Steamers","897":"Large Appliances","899":"Weather Instruments","1087":"Chandeliers & Pendant Lights","1088":"Fixtures","1089":"Lamps","1090":"Lamp Shades","1091":"Lanterns","1092":"Light Pulls","1093":"Night Lights","1094":"Sconces","1095":"Switchplates","929":"Rugs","1154":"Bindis","1180":"Anklets","1182":"Arm Bands","1183":"Barbells","1184":"Belly Chains","1185":"Belly Rings","1186":"Hair Jewelry","1187":"Lip Rings","1188":"Nipple Jewelry","1189":"Nose Rings & Studs","1190":"Pinchers & Spirals","1191":"Shoulder Jewelry","1192":"Toe Rings","1194":"Bangles","1195":"Beaded Bracelets","1196":"Chain & Link Bracelets","1197":"Charm Bracelets","1198":"Cuff Bracelets","1199":"ID & Medical Bracelets","1200":"Woven & Braided Bracelets","12167":"Hand Chains","12224":"Churas","12241":"Kaleeras","12242":"Rakhis","12245":"Kadas","1204":"Chandelier Earrings","1205":"Clip-On Earrings","1206":"Cluster Earrings","1207":"Cuff & Wrap Earrings","1208":"Dangle & Drop Earrings","1210":"Ear Weights","1211":"Gauge & Plug Earrings","1212":"Hoop Earrings","1213":"Screw Back Earrings","1214":"Stud Earrings","1215":"Threader Earrings","2900":"Ear Jackets & Climbers","12185":"Jhumkas","12186":"Chandbalis","12223":"Kaan Chains","6102":"Jewelry Boxes","6103":"Ring Trees","6104":"Ring Dishes","1218":"Beaded Necklaces","1219":"Bib Necklaces","1220":"Cameo Necklaces","1221":"Chains","1222":"Charm Necklaces","1223":"Chokers","1224":"Crystal Necklaces","1225":"Lariat & Y Necklaces","1226":"Lockets","1227":"Monogram & Name Necklaces","1228":"Multi-Strand Necklaces","1229":"Pendants","1230":"Tassel Necklaces","12217":"Rani Haar","12218":"Mangalsutras","1232":"Bands","1234":"Midi Rings","1235":"Triplet & Double Rings","1236":"Multi-Stone Rings","1237":"Ring Guards & Spacers","1238":"Solitaire Rings","1239":"Stackable Rings","1240":"Statement Rings","1241":"Wedding & Engagement","2152":"Signet Rings","2830":"Pocket Watches","2831":"Wrist Watches","2917":"Watch Necklaces","2918":"Watch Rings","6077":"Watch Bands & Straps","1201":"Brooches","1202":"Clothing & Shoe Clips","10841":"Pins & Badges","12228":"Kalgi","354":"Calendars & Planners","1254":"Gift Wrapping","1261":"Greeting Cards","1289":"Invitations & Announcements","1295":"Origami","1303":"Stationery","1317":"Stickers, Labels & Tags","6339":"Mailers & Mailing","1331":"Party Decor","1347":"Party Favors & Games","1354":"Liners","1355":"Nesting Supplies","1356":"Pet Blankets","1357":"Pet Mats & Pads","1360":"Aquariums & Tank Decor","1361":"Bird Cages","1362":"Coops","1363":"Nests & Bags","1364":"Pet Crates & Kennels","1365":"Pet Houses","1366":"Pet Slings","1367":"Pet Totes","1369":"Pet Accessories","1374":"Pet Clothing","1381":"Pet Shoes & Booties","1384":"Pet Collars & Jewelry","1385":"Pet Harnesses & Backpacks","1386":"Pet ID Tags","1387":"Pet Leashes","11286":"Pet Collar & Leash Sets","1389":"Feeding Stands","1390":"Pet Bowls","1391":"Pet Feeders & Waterers","1393":"Placemats","1746":"Pet Food & Treats","1395":"Cage Stands","1396":"Pet Beds & Cots","1397":"Pet Hammocks","1398":"Pet Ramps","1399":"Pet Steps","1400":"Play Furniture","1403":"Deodorizers & Perfumes","1404":"Pet Dental","1405":"Pet Grooming","1409":"Pet Pest Control","1410":"Pet Vitamins & Supplements","1411":"Pet Waste","1417":"Bird Toys","1418":"Cat Toys","1419":"Dog Toys","1420":"Small Animal Toys","1423":"Muzzles","1424":"Training Bells & Whistles","1426":"Pet Grave Markers","1427":"Pet Memorial Jewelry","1428":"Pet Urns","2638":"Pet Portraits","1431":"Booties & Crib Shoes","1432":"Boots","1433":"Clogs & Mules","1434":"Costume Shoes","1435":"Loafers & Slip Ons","1436":"Oxfords & Wingtips","1437":"Sandals","1438":"Slippers","1439":"Sneakers & Athletic Shoes","1441":"Booties & Crib Shoes","1442":"Boots","1443":"Clogs & Mules","1444":"Costume Shoes","1445":"Dance Shoes","1446":"Heels","1447":"Mary Janes","1448":"Sandals","1449":"Slippers","1450":"Sneakers & Athletic Shoes","1452":"Insoles","1453":"Shoe Care & Cleaning","1455":"Shoehorns","1456":"Shoelaces","1457":"Shoe Trees","1459":"Boots","1467":"Clogs & Mules","1468":"Costume Shoes","1469":"Loafers & Slip Ons","1470":"Oxfords & Wingtips","1471":"Sandals","1476":"Slippers","1477":"Sneakers & Athletic Shoes","12230":"Juttis & Mojaris","1486":"Boots","1492":"Sandals","1496":"Sneakers & Athletic Shoes","2241":"Skates","2842":"Clogs","2843":"Slippers","1505":"Booties & Crib Shoes","1506":"Boots","1507":"Clogs & Mules","1508":"Costume Shoes","1509":"Sandals","1510":"Slippers","1511":"Sneakers & Athletic Shoes","1513":"Boots","1522":"Clogs & Mules","1523":"Costume Shoes","1524":"Mary Janes","1525":"Oxfords & Tie Shoes","1526":"Pumps","1527":"Sandals","1536":"Slip Ons","1541":"Slippers","1542":"Sneakers & Athletic Shoes","1554":"Board Games","1555":"Card Games","1556":"Dice & Tile Games","1557":"Game Room","1558":"Marbles","1559":"Puzzles","2151":"Game Pieces","2394":"Role Playing Games","1561":"Balls","1563":"Bikes & Cycling","1564":"Skateboarding","1565":"Bowling","1566":"Camping","1567":"Fishing","1568":"Fitness & Exercise","1569":"Flying Toys","1570":"Golf","1571":"Hunting & Archery","1572":"Ice & Snow Sports","1573":"Juggling & Hula Hoops","1574":"Kites & Pinwheels","1575":"Lawn Games","1576":"Racquet Sports","1578":"Swings & Slides","1579":"Team Sports","2342":"Boating & Water Sports","2370":"Martial Arts & Boxing","845":"Stereoscopes & Viewfinders","1581":"Baby & Toddler Toys","1582":"Balls","1583":"Building & Construction","1584":"Dolls & Action Figures","1608":"Electronic Toys","1611":"Learning & School","1613":"Play Tents & Playhouses","1614":"Pretend Play","1615":"Puppets","1620":"Push & Pull Toys","1624":"Ride On & Rocking Toys","1628":"Stress Balls & Desk Toys","1629":"Stuffed Animals & Plushies","1630":"Toy Instruments","1631":"Wind-Up Toys","1632":"Yo-Yos & Tops","2898":"Miniature Toys","11252":"Slime & Foam","10784":"Bouquets & Corsages","1635":"Bags & Purses","1636":"Cover Ups & Scarves","1637":"Cummerbunds","1638":"Hair Accessories","1646":"Hats","6095":"Belts & Sashes","1648":"Something Blue","1649":"Neckties","1650":"Umbrellas","1651":"Veils","2905":"Shawls & Wraps","1653":"Dresses","1654":"Lingerie & Garters","1655":"Suits","2903":"Shrugs & Boleros","11220":"Jumpsuits & Rompers","1658":"Baskets & Boxes","1660":"Cake Toppers","1661":"Candles & Holders","1662":"Centerpieces","1663":"Plants","2819":"Serving & Dining","2828":"Ring Bearer Pillows","6057":"Aisle Runners & Decor","6121":"Signs","6123":"Paper Fans","1665":"Albums & Scrapbooks","1666":"Bridesmaids' Gifts","1667":"Gifts For The Couple","1668":"Groomsmen Gifts","1669":"Guest Books","1670":"Portraits & Frames","1671":"Wedding Favors","6055":"Wedding Dress Hangers","1673":"Announcements","1674":"Greeting Cards","1675":"Invitation Kits","1676":"Invitations","1677":"Save The Dates","1678":"Templates","1679":"Thank You Cards","6056":"Place Cards","1681":"Bracelets","1682":"Brooches","1683":"Cuff Links & Tie Clips","1684":"Earrings","1685":"Jewelry Sets","1686":"Necklaces","1687":"Pendants","1789":"Men's Wedding Shoes","1790":"Women's Wedding Shoes","1791":"Girls' Wedding Shoes","2121":"Boys' Wedding Shoes","1768":"Masks","2168":"Prosthetics","1760":"Costume Tails","1761":"Costume Ears","1762":"Gardening Gloves","1763":"Work Gloves","1764":"Mittens","1765":"Muffs","2140":"Berets","2141":"Tams","2169":"Earmuffs","2224":"Ear Warmers","2531":"Bowler Hats","2532":"Top Hats","2533":"Cloche Hats","2534":"Pillbox Hats","1774":"Visors","1775":"Sun Hats","1883":"Sunbonnets","37":"Skull Caps & Beanies","38":"Trapper Hats","2060":"Fascinators","2061":"Mini Hats","2154":"Sports Helmets","2540":"Military Helmets","11334":"Motorcycle Helmets","2171":"Collars","2172":"Bibs","6079":"Hooded Scarves","6065":"Shawl Pins","52":"Cuff Links","2216":"Tie Clips & Tacks","2851":"Tie Bars","2852":"Collar Stays","2906":"Baby Headbands","12181":"Headbands","12182":"Turbans","12215":"Safas","2113":"Wreaths","2114":"Tiaras","12168":"Hair Chains & Headpieces","12178":"Hair Rings & Charms","12179":"Hair Beads & Cuffs","71":"Militaria","72":"Souvenirs & Events","73":"Sports Collectibles","74":"Trophies & Awards","1647":"Pipes","1867":"Lighters","1868":"Ashtrays","2539":"Cigarette Rollers","2782":"Glass Insulators","2808":"Colored Pencil","2809":"Graphite","1605":"Dollhouse Miniatures","2931":"Goth & Horror Dolls","1777":"Brush Rolls","1778":"Brush Storage","1779":"Lipstick Cases","1780":"Compacts","2159":"Powder Boxes","2160":"Atomizers & Perfume Bottles","2084":"Briefcases","2085":"Tennis Bags","2086":"Golf Bags","2059":"Wet Bags","299":"Skin Treatment Masks","300":"Facial Scrubs & Washes","301":"Facial Toner","305":"Henna","306":"Tattoo Care","307":"Tattooing","2087":"Bibs","2088":"Burping","11226":"Pads & Pantyliners","277":"Kegel Exercisers","279":"Restraints & Gags","280":"Sex Toys","281":"Spanking & Flogging","283":"Aftershave","284":"Beard & Mustache","285":"Razors","286":"Shaving Brushes & Cups","287":"Shaving Kits & Sets","288":"Shaving Lubricants","289":"Waxing & Sugaring","12139":"Ear Savers & Extenders","12140":"Mask Lanyards & Chains","12141":"Stoppers & Cord Locks","12142":"Face Mask Charms & Tags","243":"Eyebrow Makeup","244":"Eyelashes & Mascara","245":"Eyeliners","246":"Eye Primers & Correctors","247":"Eye Shadows","249":"Blush & Cheek Stain","250":"Bronzer","251":"Concealers","252":"Face Primers & Correctors","253":"Foundations","254":"Powders","6100":"Face & Body Paint","11297":"Highlighters & Luminizers","256":"Lip Balms & Glosses","257":"Lip Color","258":"Lip Scrubs","260":"Hand & Pocket Mirrors","261":"Makeup Applicators","262":"Makeup Remover","264":"Acrylic & Press On Nails","265":"Nail Art","266":"Nail Kits","267":"Nail Polishes","268":"Nail Tools & Brushes","269":"Nail Treatments","9137":"Nail Glue","9174":"Top & Base Coats","229":"Hair Chalks","230":"Hennas","2810":"Feather Hair Extensions","233":"Brushes & Combs","234":"Curling & Curlers","235":"Hair Sprays","236":"Pomades, Waxes & Gels","237":"Straighteners","320":"Massage Oils","321":"Massage Tools","326":"Journals & Notebooks","327":"Sketchbooks","329":"Book Covers","331":"Bookmarks","332":"Bookplates, Stamps, & Embossers","12202":"Book Stands","11368":"Board Books","2007":"Manga","2909":"Critiques & Shop Tutorials","2008":"Romance","2009":"Sci Fi & Fantasy","2010":"Horror","2011":"Literary Fiction","2012":"Mystery & Thriller","2013":"Young Adult","2853":"Zines","2854":"Magazines","360":"Brass & Horns","361":"Drums & Percussion","362":"Microphones","363":"Pianos & Keyboards","364":"Stringed Instruments","365":"Synthesizers & Effects","367":"Tuning & Accessories","368":"Woodwinds","2099":"Picks","2100":"Slides","378":"Bloomers, Diaper Covers & Underwear","379":"Bodysuits","380":"Clothing Sets","381":"Costumes","382":"Hoodies & Sweatshirts","383":"Pants","384":"Socks & Leg Warmers","385":"Sweaters","386":"Tops","6091":"Suits","6092":"Vests","2185":"Footies","2186":"Rompers","2187":"Hoodies","2188":"Sweatshirts","1819":"Pajamas","1820":"Robes","11207":"Cardigans","11208":"Pullover Sweaters","11209":"Sweater Vests","11133":"Dress Shirts & Button Downs","11134":"Polos","11135":"Tanks","11136":"T-shirts","12198":"Kurtas","396":"Socks","11213":"Leg Warmers","404":"Bloomers, Diaper Covers & Underwear","405":"Bodysuits","406":"Clothing Sets","407":"Costumes","408":"Dresses","409":"Hoodies & Sweatshirts","410":"Pajamas & Robes","411":"Pants","412":"Skirts","413":"Socks & Leg Warmers","414":"Sweaters","415":"Tops","11150":"Footies","11151":"Rompers","1851":"Hoodies","2200":"Sweatshirts","1821":"Pajamas","1822":"Robes","11152":"Shorts","11153":"Skorts","1845":"Socks","1846":"Leg Warmers","11240":"Tights & Hosiery","11204":"Cardigans","11205":"Pullover Sweaters","11206":"Sweater Vests","11225":"Shrugs & Boleros","11140":"Blouses","11141":"Polos","11142":"Tanks","11143":"T-shirts","11145":"Tunics","11154":"Crop & Tube Tops","12199":"Kurtas & Kurtis","11157":"Camisoles","11158":"Petticoats","11159":"Slips","11160":"Training Bras & Bralettes","11161":"Panties","1852":"Hoodies","2201":"Sweatshirts","439":"Robes","440":"Sets","441":"Sleep Shorts & Bottoms","442":"Tops","11179":"One-Piece","445":"Dress Shirts","446":"Oxfords & Button Downs","447":"Polos","448":"Tanks","449":"T-shirts","12171":"Kurtas","1888":"Cargo Shorts","452":"Athletic Socks","453":"Casual Socks","454":"Dress Socks","1825":"Suits","1826":"Sport Coats","12180":"Kurta Sets","12246":"Jodhpuri Suits","457":"Cardigans","458":"Pullover Sweaters","459":"Sweater Vests","462":"Boxers & Briefs","463":"Jockstraps","464":"Undershirts","2839":"Formal Vests","1853":"Hoodies","2202":"Sweatshirts","473":"Casual Socks","474":"Dress Socks","11163":"Athletic Socks","11164":"Hosiery","479":"Oxfords","480":"Polos","481":"Tanks","482":"T-shirts","1830":"Pajamas","1831":"Robes","1854":"Hoodies","2203":"Sweatshirts","1832":"Pajamas","1833":"Robes","1847":"Socks","1848":"Leg Warmers","11169":"Polos","11170":"T-shirts","11172":"Tanks","11173":"Dress Shirts & Button Downs","2123":"Bloomers, Diaper Covers & Underwear","2124":"Bodysuits","2125":"Clothing Sets","2126":"Costumes","2127":"Hoodies & Sweatshirts","2129":"Pajamas & Robes","2132":"Pants","2133":"Socks & Leg Warmers","2136":"Sweaters","2137":"Tops","1855":"Hoodies","2198":"Sweatshirts","512":"Bloomers","513":"Cage Bras & Harnesses","514":"Bralettes","515":"Bras","516":"Camisoles","517":"Corsets","519":"Lingerie Sets","520":"Panties","521":"Pasties & Tassels","522":"Petticoats","523":"Shapewear","524":"Slips","525":"Teddies & Babydolls","528":"Hospital Gowns","529":"Night Gowns & Tops","530":"Robes","531":"Sets","532":"Sleep Masks & Blindfolds","533":"Sleep Shorts & Bottoms","11175":"Rompers & One-Piece","1835":"Pants","1836":"Capris","1837":"Shorts","1838":"Skorts","538":"Athletic Socks","539":"Boot Socks & Cuffs","540":"Casual Socks","541":"Dress Socks","542":"Garter Belts","543":"Garters","544":"Hosiery","545":"Leg Warmers","546":"Tights","549":"Cardigans","550":"Pullover Sweaters","551":"Sweater Vests","11118":"Bikinis & Sets","11119":"Tops","11120":"Bottoms","11121":"One-Piece","11122":"Rash Guards","11123":"Swim Caps","11124":"Cover-Ups","554":"Blouses","555":"Crop & Tube Tops","556":"Halter Tops","557":"Polos","558":"Tanks","559":"T-shirts","560":"Tunics","2904":"Shrugs & Boleros","12170":"Kurtas & Kurtis","12226":"Saree Blouses & Cholis","502":"Blazers","547":"Suits","12172":"Salwar Kameez","12173":"Kurta & Kurti Sets","503":"Bodysuits","11114":"Catsuits","6763":"Cuff Links","6764":"Earrings","6765":"Bracelets","6766":"Rings","6767":"Pendants","6768":"Tie Bars & Tacks","6769":"Brooch & Pin","6770":"Belt Buckle Blanks","6771":"Bolo & Concho Blanks","6772":"Tags & Stamping Blanks","9181":"Bead Blanks","9188":"Blank Key Rings","6782":"Animal & Natural Shapes","6783":"People Shapes","6784":"Manikins & Artist Figures","6785":"Monsters & Fantasy","7019":"Barrettes","7020":"Hair Clips","7021":"Combs","7022":"Headband Blanks","7023":"Hair Pins","7024":"Hair Sticks","7025":"Hair Tie Blanks","7069":"Hat Bases & Bodies","9195":"Mask Blanks","9196":"Brims & Visors","6786":"Gloves","6787":"Glasses & Goggles","6788":"Face Shields","6789":"Protective Clothing","6635":"Dropcloths & Tarps","6790":"Buckets","6791":"Sponges","9339":"Polishing Cloths","6516":"Oils","6524":"Butters","9128":"Felting Soap","9129":"Soap Embeds","9130":"Soap Bases","6798":"Pins & Needles","6799":"Thread","6800":"Floss","6801":"Bobbins","6802":"Elastic","6803":"Bias Tape","6804":"Spools","6805":"Pirns","6808":"Stitch Holders","6809":"Stitch Markers","6810":"Appliques & Patches","6811":"Fabric Bonding Tape","6812":"Boning","6813":"Pom Pom Makers","6814":"Purse Notions","9197":"Shoe Parts","9340":"Fabric Clips","6574":"Construction Paper","6576":"Drawing Paper","6577":"Origami Paper","6578":"Card Stock","6579":"Washi & Rice Paper","6580":"Parchment Paper","6581":"Printer Paper","6582":"Kraft Paper","6583":"Tracing Paper","6584":"Transfer Paper","6585":"Scrapbooking Ephemera","6586":"Decorative Paper","6587":"Bookboard","6588":"Text Blocks","6589":"Photo & Imaging Paper","6590":"Poster Board","6591":"Premade Pages","6592":"Collage Sheets","6593":"Mixed Paper Sets","6594":"Die Cuts","6595":"Blank Cards","9182":"Wax Paper","6837":"Journals","6838":"Albums","6839":"Sketchbooks","6840":"Binders & Covers","6841":"Journaling Spots","6617":"Image Transfers","6842":"Stencils","6843":"Templates","6844":"Clip Art & Image Files","6464":"Stretched Canvas","6465":"Unstretched Canvas","6466":"Rug Canvas","6467":"Plastic Canvas","6468":"Aida Canvas","6254":"Stretcher Frames & Bars","9117":"Needlecraft Frames","6469":"Purse Locks","6470":"Jump Rings","6472":"Key Rings","6473":"D-Rings","6474":"Watch Bands","6475":"Watch Stems","6476":"Watch Faces","6477":"Watch Movements","6478":"Watch Crystals","9189":"Watch Links","6509":"Sprinkles, Dust & Flakes","6510":"Icing & Frosting","6511":"Piping Pens, Bags & Nozzles","6512":"Liners & Cups","6513":"Food Coloring","6514":"Sticks","9121":"Cake Toppers & Picks","6515":"Candy Mixes & Melts","6517":"Powders & Additives","6518":"Live Cultures & Starters","6520":"Thickening Agents","6521":"Flavoring","6522":"Yeast","6523":"Extracts","6525":"Bottle Cappers","6526":"Fermenters","6527":"Hops & Pellets","6528":"Stoppers & Airlocks","6529":"Malt & Other Grains","6530":"Cheese & Yogurt Makers","6531":"Taps & Handles","6534":"Packing Tape","6535":"Duct Tape","6536":"Masking Tape","6537":"Cellophane Tape","6538":"Binding Tape","6539":"Mounting Tape","6419":"Sealants","6540":"Glue","6541":"Adhesive Machines","6542":"Adhesive Removers","6543":"Contact Cement","6544":"Paste","6545":"Cellulose Adhesives","6546":"Adhesive Sealers & Finishes","6547":"Soldering Flux","6548":"Pinking Shears","6549":"Swivel Knives","6550":"Whittling Knives","6551":"Craft Knives","6552":"Fettling Knives","6553":"Utility Knives","6554":"Palette Knives","6556":"Paring Knives","6557":"Beading Blocks","6558":"Pruners","6559":"Cutters","6560":"Nippers","6561":"Skivers","6562":"Reamers","6563":"Engraving Machines","6564":"Gravers","6565":"Graver Handles","6331":"Studio Lighting","6332":"Task Lighting","6333":"Flashlights","6334":"Lightboxes & Tables","6337":"Lighting Parts","6566":"Loupes","6567":"Magnifying Glasses","6611":"Party Candles","6612":"Party Favors","12113":"Face Mask Patterns","6426":"Charms","6427":"Pendants","6618":"Foam Forms","6619":"Flowers","6620":"Water Picks","6621":"Stakes & Sticks","6622":"Floral Stems","6623":"Pin Frogs","6624":"Bouquet Holders","6625":"Floral Accents","6628":"Other Greenery","6645":"Solder","6646":"Foil","6647":"Epoxy Resin","6649":"Minerals","6650":"Fossils & Specimens","6651":"Stones & Pebbles","6652":"Gravel","6653":"Sand","6654":"Plywood & Panels","6655":"Boards & Planks","6656":"Lattice","6657":"Logs","6658":"Bark","6659":"Tree Slices","6660":"Driftwood & Branches","6661":"Popsicle Sticks","9325":"Dowels","6662":"Grout","6663":"Plaster","6350":"Clay","9119":"Ceramic","6664":"Sealing Stamps","6665":"Wax Seals","6666":"Embossers","6370":"Bottles, Cans & Jars","6371":"Boxes, Baskets & Bins","6373":"Sacks & Totes","6375":"Cases","6376":"Tubes","6378":"Barrels","6379":"Kegs","6380":"Yarn Bowls","6678":"Benches","6679":"Bench Pins","6680":"Bench Blocks","9192":"Workbench Storage","6905":"Jewelry Cards","9326":"Dress Forms","9327":"Mannequins","6681":"Baker's Twine","6682":"Chisels, Picks & Awls","6687":"Levels & Measuring","6689":"Pliers, Tweezers & Tongs","6691":"Wrenches, Ratchets & Sockets","6692":"Filing & Sanding","6694":"Dispensing & Extruding","6695":"Rolling & Folding","6696":"Spinning & Winding","6697":"Fastening & Attaching","6710":"Torching & Heating","6711":"Hooking","6712":"Shaping & Modeling","9321":"Raking & Scraping","6715":"Looms","6716":"Presses","6717":"Sewing & Needlework Machines","6718":"Die Cut Machines","6719":"Kilns","6720":"Button Makers","6721":"Pottery Wheels","6722":"Tattoo Guns","6723":"Spinning Wheels","6724":"Wax Melters","6725":"Lathes","6726":"Grinders","6727":"Kneaders","6728":"Crucibles","6729":"Tumblers","9193":"Welding Machines","9194":"Compressors","6730":"Tool Parts & Accessories","6733":"Computer Parts","6745":"Ballpoint Pens","6746":"Fountain Pens","6747":"Felt Tip Pens","6748":"Gel Pens","6749":"Rollerball Pens","6750":"Dip Pens","9336":"Brush Pens","6751":"Colored Pencils","6752":"Graphite Pencils","6753":"Chalk Pencils","6754":"Correction Fluid","6755":"Correction Tape","6421":"Paint Pens","6756":"Art Paint","6757":"Fabric Paint","6758":"Spray Paint","6759":"Airbrush Paint","6760":"Chalk Paint","9337":"Wall Paint","6366":"Ink Pads","6414":"Ink","6415":"Inkwells","2644":"Headphone Stands","2645":"Headphones","2064":"Flashes","2062":"Lenses","2063":"Filters","2065":"Slides","6225":"Slide Viewers","1896":"Keyboards","1897":"Mice","2006":"Mousepads","1906":"Monitors","1898":"Keyboard Skins","1899":"Keyboard Decals","1900":"Laptop Skins","1901":"Laptop Decals","1902":"Phone Decals","1903":"Phone Skins","1904":"Tablet Skins","1905":"Tablet Decals","867":"Bag Inserts","868":"Camera Cases","869":"Camera Straps & Strap Covers","870":"Lens Cases","839":"Camera Accessories","6714":"3D Printers","6980":"3D Printer Filament","12195":"Dock Covers & Socks","12196":"Controller Modifications","932":"Biscotti","933":"Bread","934":"Brownies","935":"Cakes","936":"Cookies","937":"Cupcakes","938":"Pastries","939":"Pies","941":"Brittle","942":"Caramels","943":"Chocolates","944":"Fudge","945":"Lollipops","946":"Marshmallows","947":"Popcorn","948":"Pretzels","949":"Toffee","950":"Truffles","952":"Coffee","953":"Hot Chocolate & Spoons","954":"Sweeteners","955":"Tea","958":"Herbs & Spices","959":"Seasoning Mixes","962":"Jams","963":"Marmalades","2206":"Jellies","2207":"Pickles","2208":"Chutneys","2210":"Fruit Butters","2175":"Soups","2176":"Packaged Mixes","1882":"Bath Cozies","1915":"Bath Mats","1916":"Bath Rugs","907":"Hooded Towels","1884":"Toothbrush Holders","1917":"Cups","1918":"Shower Curtains","1919":"Curtain Rings & Hooks","2197":"Shower Rods & Hardware","1920":"Soap Dishes","1921":"Soap Dispensers","2306":"Muffin & Cupcake Tins","2307":"Cookie Sheets","2308":"Cake Pans","2309":"Loaf Pans","2310":"Bundt Pans","2321":"Pie Plates","2322":"Baking Mats","2323":"Cooling Racks","2324":"Pizza Stones & Paddles","6082":"Mixing Bowls","1909":"Coffee Makers","1910":"Tea Makers","1034":"Casserole Dishes","1035":"Colanders & Strainers","1036":"Cooking Utensils & Gadgets","1037":"Cutlery & Knives","1038":"Cutting Boards","1039":"Pots & Pans","1040":"Spoon Rests","1042":"Trivets & Pot Holders","1044":"Bowls","1046":"Cake Stands","1047":"Dinnerware Sets","1048":"Flatware & Silverware","1049":"Plates","1050":"Salt & Pepper Shakers","1051":"Serving Odds & Ends","1052":"Serving Utensils","1053":"Trays & Platters","12210":"Chopsticks","1862":"Drinkware","1863":"Barware","1074":"Centerpieces & Table Decor","1075":"Refrigerator Magnets","1077":"Jars & Containers","1078":"Napkin Holders","1079":"Spice Racks","1859":"Knife Blocks & Storage","1889":"Wine & Beer Storage","2295":"Pot Racks","2921":"Recipe Storage","12243":"Spice Boxes","1082":"Aprons","1083":"Dishcloths & Kitchen Towels","1085":"Table Linens","969":"Beds & Headboards","970":"Dressers & Armoires","971":"Steps & Stools","972":"Vanities & Nightstands","974":"Buffets & China Cabinets","975":"Dining Chairs","976":"Dining Sets","977":"Kitchen & Dining Tables","978":"Stools & Banquettes","11837":"Kitchen Islands","981":"Bean Bag Chairs","982":"Benches & Toy Boxes","983":"Bookcases","985":"Desks, Tables & Chairs","986":"Dressers & Drawers","987":"Steps & Stools","988":"Toddler Beds","990":"Benches & Trunks","991":"Bookshelves","992":"Chairs & Ottomans","993":"Coffee & End Tables","994":"Console Tables & Cabinets","996":"Floor Pillows","997":"Slipcovers","998":"Sofas & Loveseats","12216":"Room Dividers","1000":"Desk Chairs","1001":"Desks","1014":"Wax Melts","2212":"Candleholders","2791":"Candles","2225":"Chair Pads","2226":"Chair Slipcovers","2911":"Dried Flower Arrangements","1857":"Ornaments","1858":"Stockings","2912":"Tree Skirts","6108":"Tree Toppers","6109":"Christmas Trees","2279":"Frames","2280":"Displays","6085":"Insects","6086":"Animal Mounts","6087":"Bones & Skulls","6088":"Faux Taxidermy","1028":"Wall Decals & Murals","1029":"Wall Hangings","1328":"Wall Stencils","6112":"Wallpaper","12232":"Key Holders & Key Hooks","1930":"Wreaths","1931":"Door Hangers","1007":"Incense","1008":"Incense Holders","2861":"Potpourri","2862":"Sachets","2107":"Doors","2108":"Locks","2116":"Keys","12237":"Door Knobs","11351":"Faucets, Handles & Showerheads","11352":"Plumbing Pipes & Fittings","11353":"Sinks & Basins","10795":"Spackling","10796":"Wood Fillers","10801":"Framing Hardware","10802":"Mixed Hardware Sets","10803":"Nails","10804":"Nuts & Bolts","10805":"Screw Posts","10806":"Screws","10807":"Staples","10808":"Tacks","1891":"Remote Control Caddies","2856":"Tins","2230":"Laundry Bags","2231":"Hampers","12151":"Shelving Brackets","12155":"Shelves & Shelving Units","12206":"Home Temples & Shrines","12207":"Deity Thrones & Swings","12208":"Prayer Wheels","1964":"Dowsing","1965":"Tarot","1966":"Runes","1967":"Scrying","1968":"Fortune Cups & China","1969":"Palmistry","1970":"Talking Boards","1971":"I Ching","12204":"Singing Bowls","12205":"Gongs","1958":"Zoological","1959":"Mineral","1960":"Herbs & Roots","1144":"Incense","1145":"Menorahs","1146":"Novena Candles","1147":"Ritual Candles","1148":"Ritual Oil & Resins","1149":"Spiritual Colognes","12162":"Diyas","1961":"Yarmulkes","1962":"Hijabs & Head Coverings","1963":"Prayer Shawls","2849":"Vestments","1152":"Crucifixes & Crosses","6099":"Nativity Sets","12166":"Thali & Thali Sets","12209":"Torans","12212":"Chowkis","12227":"Puja Pots","12234":"Prayer Flags","1155":"Lucky Charms & Amulets","1156":"Prayer Beads","1157":"Prayer Cards","1158":"Metaphysical Crystals","1159":"Rosaries","1160":"Saints Medals","2925":"Chaplets","2926":"Scapulars","1870":"Caskets & Urns","1873":"Grave Markers & Decoration","6058":"Tooth Fairy Pillows","914":"Afghans","915":"Throws","916":"Quilts","1879":"Weighted Blankets","2910":"Baby Blankets","12165":"Dohars","1922":"Flat Sheets","1923":"Fitted Sheets","1924":"Sheet Sets","1925":"Pillowcases","1926":"Shams","1956":"Bird Feeders","1957":"Birdhouses","1972":"Firewood","1973":"Fire Pits","1974":"Fire Pit Tools","1975":"Firewood Storage","2784":"Yard Art","2785":"Wind Chimes","2867":"Outdoor Statues","12240":"Outdoor Fountains","1976":"Gardening Gloves","1977":"Gardening Aprons","1978":"Grills","1979":"Grill Tools","1980":"Hammocks","1981":"Swings","1982":"Patio Sets","1983":"Patio Tables","1984":"Patio Chairs","1985":"Patio Umbrellas","6060":"Indoor Planters","6061":"Outdoor Planters","1121":"Air Plants","1122":"Bonsai & Trees","1123":"Ferns, Grasses & Bamboo","1124":"Flowers","1125":"Fruit & Vegetables","1126":"Herbs","1129":"Succulents & Cacti","6868":"Moss","6871":"House Plants","6888":"Seeds","6889":"Seed Bombs","6890":"Plant Bulbs","6874":"Plant Markers & Stakes","6876":"Plant Hangers","6877":"Plant Fillers","6878":"Terrarium Containers","6879":"Soil","6880":"Fertilizer","6881":"Plant Food & Supplements","1927":"Buckets","1928":"Mops","1929":"Brooms","11346":"Dryer Balls","11347":"Clothespin Bags","11348":"Ironing Board Covers","11350":"Laundry Detergents & Soaps","1911":"Fans","1912":"Heaters","1913":"Irons","1914":"Steamers","2195":"Chandeliers","2196":"Pendant Lights","2813":"Desk Lamps","2814":"Floor Lamps","2815":"Table Lamps","2914":"Accent Lamps","2929":"Friendship Bracelets","2211":"Ear Jackets","2901":"Ear Climbers","1242":"Anniversary Rings","1243":"Bridal Sets","1244":"Claddagh Rings","1245":"Engagement Rings","1246":"Promise Rings","1247":"Wedding Bands","1233":"Fraternal & Class Rings","6074":"Men's Wrist Watches","6075":"Women's Wrist Watches","6076":"Unisex Wrist Watches","2146":"Dress Clips","2147":"Shoe Clips","1248":"Sweater Clips","6098":"Advent Calendars","1255":"Bows & Ribbon","1257":"Gift Boxes","1258":"Tissue Paper","1259":"Washi Tape","1260":"Wrapping Paper & Furoshiki","6607":"Bags","9183":"Candy Wrappers","1262":"Anniversary Cards","1263":"Baby & Expecting Cards","1264":"Birthday Cards","1265":"Blank Cards","1266":"Congratulations Cards","1267":"Encouragement Cards","1268":"Friendship Cards","1269":"Get Well Cards","1270":"Good Luck Cards","1271":"Graduation & School Cards","1272":"Holiday & Seasonal Cards","1280":"Just Because Cards","1281":"Love Cards","1282":"Miss You Cards","1283":"Moving Cards","1284":"Sorry Cards","1285":"Sympathy Cards","1286":"Thank You Cards","1287":"Thinking Of You Cards","1288":"Wedding & Engagement Cards","1290":"Announcements","1291":"Invitation Kits","1292":"Invitations","1293":"Save The Dates","1294":"Templates","1296":"Finished Origami","1299":"Paper Flowers","1304":"Business & Calling Cards","1305":"Design & Templates","1308":"Folders","1309":"Lists","1310":"Note Cards","1311":"Notepads","1312":"Postcards","1313":"Programs","1314":"Recipe Cards","1315":"Stationery Sets","1316":"Writing Paper","1318":"Address & Shipping Labels","1319":"Bumper Stickers","1320":"Clings","1322":"Labels","1326":"Stickers","1327":"Tags","6616":"Label Makers","6599":"Envelopes","6600":"Mailing Boxes","6601":"Mailing Tubes","6602":"Bubble & Padded Mailers","6603":"Cushioning","1332":"Backdrops & Props","1333":"Balloons","1334":"Banners & Signs","1336":"Centerpieces","1337":"Confetti","1339":"Garlands, Flags & Bunting","1340":"Guest Books","1341":"Party Hats & Crowns","1342":"Party Lights & Lanterns","1343":"Pi\u00f1atas","1344":"Place Cards & Holders","1346":"Tableware","6122":"Paper Fans","1348":"Favor Bags & Containers","1349":"Party Favors","1350":"Party Games","1370":"Pet Bows & Hair Accessories","1371":"Pet Charms & Bells","1372":"Pet Sunglasses","1373":"Pet Neckwear","1375":"Pet Bottoms","1376":"Pet Costumes","1377":"Pet Diapers & Belly Bands","1378":"Pet Dresses","1379":"Pet Hats & Wigs","1380":"Pet Jackets & Hoodies","1382":"Pet Tops","2228":"Pet Shoes","2229":"Pet Booties","2924":"Pet Treats","1406":"Brushes & Combs","1407":"Nail & Claw Care","1408":"Shampoos & Washes","1412":"Bag Holders & Scoops","1413":"Litter Boxes","1414":"Litter Box Mats & Liners","1460":"Chukka Boots","1461":"Work & Combat Boots","1462":"Cowboy & Western Boots","1463":"Dress Boots","1464":"Walking & Hiking Boots","1465":"Motorcycle Boots","1466":"Rain & Snow Boots","1472":"Fisherman","1473":"Flip Flops & Thongs","1474":"Slides","1475":"Sport Sandals","1478":"Boat & Water Shoes","1479":"Golf Shoes & Cleats","1480":"Hi Tops","1481":"Platform & Club Sneakers","1482":"Skates","1483":"Slip Ons","1484":"Tie Sneakers","1487":"Chukka Boots","1488":"Cowboy & Western Boots","1489":"Rain & Snow Boots","1490":"Walking & Hiking Boots","1491":"Work & Combat Boots","1493":"Fisherman","1494":"Flip Flops & Thongs","1495":"Slides","1497":"Boat & Water Shoes","1498":"Golf Shoes & Cleats","1499":"Hi Tops","1500":"Platform & Club Sneakers","1501":"Skates","1502":"Slip Ons","1503":"Tie Sneakers","2242":"Ice Skates","2243":"Roller Skates","2244":"Roller Blades","1514":"Booties & Ankle Boots","1515":"Chukka Boots","1516":"Cowboy & Western Boots","1517":"Rain & Snow Boots","1518":"Riding Boots","1519":"Slouch Boots","1520":"Walking & Hiking Boots","1521":"Work & Combat Boots","1810":"Clogs","1811":"Mules","1528":"Barefoot Sandals","1529":"Espadrilles & Wedges","1530":"Fisherman","1531":"Flip Flops & Thongs","1532":"Gladiator & Strappy Sandals","1533":"Huaraches","1534":"Slingbacks & Slides","1535":"T-strap Sandals","1537":"Ballet Shoes","1538":"Loafers","1539":"Moccasins","1540":"Pointed Toe Flats","12229":"Juttis & Mojaris","1543":"Boat & Water Shoes","1544":"Bowling Shoes","1545":"Dance Shoes","1546":"Golf Shoes & Cleats","1547":"Hi Tops","1548":"Platform & Club Sneakers","1549":"Skates","1550":"Slip Ons","1551":"Tie Sneakers","2388":"Checkers","2389":"Chess","2390":"Go","2391":"Chinese Checkers","2392":"Bingo","2348":"Poker","2349":"Cribbage","2385":"Trading Card Games","2386":"Standard Card Decks","2350":"Dice","2351":"Dice Games","2352":"Tile Games","2383":"Pool & Billiards","2353":"Jigsaw Puzzles","2356":"Bicycles","2357":"Bike Parts","2361":"Unicycles","2362":"Tricycles","2363":"Panniers","2364":"Cycling Accessories","2652":"Yoga & Pilates","2354":"Hunting","2355":"Archery","2358":"Snowboarding","2359":"Snowshoeing","2360":"Skiing","1808":"Juggling","1809":"Hula Hoops","1806":"Kites","1807":"Pinwheels","2379":"Bean Bag Toss","2380":"Horseshoes","2381":"Croquet","2382":"Bocce","1804":"Swings","1805":"Slides","2365":"Baseball","2366":"Basketball","2367":"Football","2368":"Soccer","2369":"Softball","2372":"Wrestling","2375":"Volleyball","2376":"Gymnastics","2377":"Hockey","12160":"Cricket","12161":"Field Hockey","1577":"Sand & Water Toys","2343":"Boating","2344":"Kayaking","2345":"Rowing","2346":"Canoeing","2347":"Swimming & Diving","2373":"Surfing & Boarding","2374":"Paddles & Oars","2371":"Boxing Gloves","2052":"Rattles","2053":"Teething","2054":"Music & Sound","2055":"Stacking & Nesting","2056":"Shapes & Colors","2057":"Crib Toys","2058":"Blocks","1585":"Action Figures","1586":"Animals","1587":"Doll Clothing","1607":"Dolls","2896":"Toy Dollhouses","2897":"Toy Dollhouse Furniture","1794":"Play Tents","1795":"Playhouses","1616":"Finger Puppets","1617":"Hand Puppets","1618":"Marionettes","1619":"Shadow Puppets","1621":"Animals","1622":"Vehicles","1623":"Wagons","1625":"Rocking & Spring Toys","1626":"Scooters","1627":"Vehicles","2403":"Stick Horses","1792":"Stress Balls","1793":"Desk Toys","2071":"Bobbleheads","2907":"Kaleidoscopes","10847":"Fidget Spinners","2072":"Amigurumi","2395":"Horses","2396":"Unicorns","2397":"Bears","2398":"Fish & Aquatic","2399":"Cats","2400":"People","2401":"Monkeys","2402":"Monsters","2919":"Bunny Rabbits","2920":"Robots & Machines","6067":"Dogs","2408":"Pianos & Keyboards","2409":"Accordions","2410":"Drums & Percussion","2411":"Wind & Reed Instruments","1796":"Yo-Yos","1797":"Tops","2098":"Role Playing Miniatures","2899":"Miniature Food","10785":"Corsages","1659":"Bouquets","11253":"Boutonni\u00e8res","1639":"Barrettes & Clips","1640":"Decorative Combs","1641":"Hair Jewelry","1642":"Hair Pins","1645":"Wreaths & Tiaras","1757":"Fascinators & Mini Hats","6115":"Hair Picks","1656":"Bridal Gowns & Separates","2079":"Bridesmaid Dresses","2080":"Flower Girl Dresses","2081":"Mother of the Bride Dresses","1800":"Wedding Lingerie","1801":"Wedding Garters","2117":"Men's Suits","2118":"Women's Suits","2119":"Boys' Suits","2120":"Girls' Suits","1785":"Baskets","1786":"Boxes & Containers","6116":"Flower Girl Baskets","1787":"Candles","1788":"Candle Holders","2820":"Wedding Forks","2821":"Cake Servers & Knives","2855":"Table Decor","11254":"Accessories","11255":"Bags & Purses","11256":"Bath & Beauty","11257":"Bridesmaid Proposals","11258":"Clothing","11259":"Hangover & Survival Kits","11260":"Drink & Barware","11261":"Bridesmaid Home Decor","11262":"Jewelry","11263":"Shoes","11264":"Accessories","11265":"Bags & Luggage","11266":"Cigar & Cigarette Accessories","11267":"Clothing","11268":"Drink & Barware","11269":"Groomsmen Proposals","11270":"Hangover & Survival Kits","11271":"Groomsmen Home Decor","11272":"Jewelry","11273":"Groomsmen Sports Equipment","1783":"Portraits","1784":"Picture Frames","1781":"Cuff Links","1782":"Tie Clips & Tacks","2316":"Shirt Studs","2803":"Baseball Helmets","2804":"Football Helmets","12175":"Maang Tikkas","12176":"Matha Pattis","12220":"Passas","1771":"Collectible Jerseys","1604":"Doll Furniture","1815":"Restraints","1816":"Gags","2337":"Dildos","2338":"Vibrators","2339":"Butt Plugs","2333":"Paddles","2334":"Floggers","2335":"Whips","2336":"Crops","2001":"Combs","2002":"Waxes & Pomades","2003":"Balms & Conditioner","1817":"Waxing","1818":"Sugaring","2089":"Eyelashes","2090":"Mascara","2091":"Lip Balms","2092":"Lip Glosses","1992":"Nail Decals & Guides","1993":"Nail Stamping","1994":"Nail Wraps","1995":"Nail Charms","1996":"Nail Glitter","1997":"DIY Polish Supplies","9136":"Nail Stencils","1998":"Dotting Tools","1999":"Clippers & Scissors","2000":"Polish Removal","9131":"Nail Art Brushes","9132":"Nail Files","9133":"Cuticle Pushers","2046":"Trumpets","2047":"French Horns","2048":"Tubas","2050":"Trombones","2051":"Cornet & Other Horns","2025":"Drum Kits","2026":"Drumsticks","2027":"Conga Drums","2028":"Toms","2029":"Snare Drums","2030":"Triangles","2031":"Marimbas","2032":"Xylophones","2033":"Cymbals","2034":"Drum Thrones","2035":"Steel Drums","2036":"Bongos","2037":"Bass Drums","6068":"Maracas & Shakers","12203":"Dhol Drums","2021":"Pianos","2022":"Keyboards","2023":"Keytars","2024":"Accordions","2014":"Banjos","2015":"Guitars","2016":"Ukuleles","2017":"Harps & Lyres","2018":"Violins & Bows","2019":"Bows","2020":"Replacement Strings","2829":"Mandolins","2404":"Pedals","2405":"Synthesizers","2406":"Drum Machines","2407":"Loopers","2412":"Metronomes","2038":"Flutes","2039":"Clarinets","2040":"Oboes","2041":"Didgeridoos","2042":"Whistles","2043":"Harmonicas","2044":"Bagpipes","2045":"Recorders","2049":"Saxophones","2180":"Bloomers","2181":"Underwear","2184":"Diaper Covers","1849":"Hoodies","2170":"Sweatshirts","1841":"Socks","1842":"Leg Warmers","11189":"One-Piece","11190":"Sets","11191":"Sleep Shorts & Bottoms","11194":"Tops","11215":"Graphic Tanks","11137":"Graphic Tees","2189":"Bloomers","2190":"Diaper Covers","2191":"Underwear","1850":"Hoodies","2199":"Sweatshirts","1823":"Robes","1824":"Pajamas","1843":"Socks","1844":"Leg Warmers","11182":"Night Gowns & Tops","11183":"Rompers & One-Piece","11184":"Sets","11185":"Sleep Shorts & Bottoms","11216":"Graphic Tanks","11144":"Graphic Tees","11155":"Crop Tops","11156":"Tube Tops","11180":"Shorts","11181":"Pants","11217":"Graphic Tanks","11110":"Graphic Tees","1827":"Boxers","1828":"Briefs","1829":"Boxer Briefs","11218":"Graphic Tanks","11165":"Graphic Tees","11195":"One-Piece","11196":"Sets","11197":"Tops","11198":"Sleep Shorts & Bottoms","11199":"One-Piece","11200":"Sets","11201":"Tops","11202":"Sleep Shorts & Bottoms","11171":"Graphic Tees","11219":"Graphic Tanks","2192":"Bloomers","2193":"Diaper Covers","2194":"Underwear","2128":"Hoodies","2130":"Pajamas","2131":"Robes","2134":"Socks","2135":"Leg Warmers","11203":"Neck Corsets","11228":"Period Underwear","1834":"Sleep Masks","2101":"Blindfolds","11176":"Shorts","11177":"Capris","11178":"Pants","11116":"Boot Socks","11117":"Boot Cuffs","1839":"Crop Tops","1840":"Tube Tops","11214":"Graphic Tanks","11115":"Graphic Tees","7026":"Pin Backs","7027":"Blanks","7028":"Catches","7033":"Needles","7035":"Pins","9203":"Pin & Needle Accessories","7041":"Rings","7042":"Handles","7043":"Bag Frames","7044":"Feet","6265":"Shoe Lasts","6395":"Shoe Laces","9198":"Insoles","9199":"Soles","9200":"Heels","9201":"Toe & Heel Plates","7045":"Photo Albums","7046":"Baby Books","7047":"Autograph Books","7048":"Album Refills","7049":"Page Protectors","6818":"Canvas Rolls","6819":"Twist Turn Locks","6820":"Thumb Locks","6821":"Tuck Locks","6824":"Fondant","6825":"Pastry Bags","6826":"Frosting Tips","6827":"Icing Tubes & Pens","9122":"Cake Toppers","9123":"Picks","6828":"Scobies","6829":"Kefir","6830":"Rennet","6831":"Rubber Cement","6832":"Wire Cutters","6833":"Rotary Cutters","6834":"Glass Cutting Tools","6835":"Clay Cutters","6836":"Paper Cutters","6568":"Light Sockets","6569":"Plugs & Cords","6570":"Light Bulbs","6571":"Shades","6572":"Lamp Bases & Parts","6573":"Switches","6861":"Dried Flowers","6862":"Artificial Flowers","6863":"Fruits & Vegetables","6864":"Animals","6865":"Figures","6866":"Architecture & Structures","6882":"Bushes & Trees","6883":"Leaves & Thorns","6884":"Reeds & Canes","6885":"Straw","6886":"Pine Needles","6887":"Cones & Nuts","6891":"Wreaths","6892":"Garlands","9324":"Corn Husks","6667":"Jars","6668":"Bottles","6669":"Cans & Canisters","6670":"Lids, Rings & Caps","6671":"Boxes","6672":"Bins","6673":"Baskets","6698":"Pricking Irons","6699":"Pricking Wheels","6700":"Edge Bevelers","6906":"Awls","6907":"Chisels","6908":"Picks","6909":"Scrapers","6910":"Styluses","6955":"Creasers","6703":"Weights","6915":"Levels","6916":"Rulers & Yardsticks","6917":"Tape Measures","6918":"Jewelry Sizers","6919":"Calipers","6920":"Dividers & Compasses","6921":"Scales","6922":"Thermometers","6923":"Stitch Counters","6924":"Measuring Grids","6925":"Needle Gauges","6926":"T-Squares","6927":"Protractors","6928":"Triangles","6929":"Corner Squares","6930":"Shims","6931":"Pliers","6932":"Tweezers","6933":"Pinchers","6934":"Hemostats","6935":"Tongs","6936":"Adjustable Wrenches","6937":"Combo Wrenches","6938":"Sockets","6939":"Ratchets","6688":"Planers & Jointers","6940":"Files","6941":"Sanders","6942":"Sandpaper","6943":"Polishers","6705":"Tubing & Siphons","6944":"Pumps","6945":"Caulking Guns","6946":"Ball Brause Sprinklers","6947":"Clay Extruders","6948":"Slab Rollers","6949":"Seam Rollers","6951":"Brayers","6952":"Slotted Tools","6953":"Felting Rollers","6956":"Bone Folders","6957":"Burnishers","6958":"Spindles","6959":"Nostepinnes","6960":"Niddy Noddies","6961":"Ball Winders","6962":"Yarn Swifts","9184":"Cone Holders","6683":"Clamps & Vises","6684":"Hammers","6685":"Mallets","6686":"Mauls","6690":"Screwdrivers","6954":"Bead Rollers","6963":"Drills","6964":"Soldering Guns & Irons","6965":"Nailers & Nail Guns","6966":"Tack Removers","6967":"Staplers & Staple Guns","6968":"Seam Stretchers","9116":"Glue Guns","9333":"Rivet Setters","6709":"Annealing Pans","6969":"Ribbon Burners","6970":"Hand Torches","6971":"Branding Irons","6972":"Torching Baskets","6973":"Marvers","9335":"Pyrography Pens","6974":"Latch Hooks","6975":"Carving Hooks","6976":"Crochet Hooks","6977":"Heddle Hooks","6704":"Anvils","6978":"Pushers","6979":"Millgrain Tools","6701":"Rakes & Combs","6706":"Hand & Drum Carders","6707":"Washboards","6708":"Felting Stones","6950":"Squeegees","9334":"Tapestry Beaters","9755":"Felting Mats","6981":"Heddles","6982":"Shuttles","6983":"Knitting Looms","6984":"Weaving Cards","6985":"Bead Looms","6986":"Warping Tools","6988":"Embroidery Machines","6989":"Sewing Machines","6990":"Knitting Machines","6991":"Felting Machines","6992":"Drill Bits","6993":"Rotary Discs","6994":"Burs","9185":"Sewing Machine Parts","9187":"Dies","7004":"Circuit Boards","1697":"Camera Straps","1698":"Camera Strap Covers","2204":"Chocolate Spoons","2205":"Hot Chocolate","2311":"Turkish Coffee Sets","2312":"Pour Over & Drippers","2313":"Percolators","2314":"Coffee Machines","2315":"Espresso Makers","2340":"Coffee Grinders","1932":"Teapots","1933":"Kettles","6493":"Spatulas","6494":"Measuring Cups & Spoons","6495":"Mixers & Whisks","6496":"Mixer Attachments","6497":"Mixing Spoons","6498":"Cookie Cutters","6499":"Rolling Pins","6500":"Mashers & Pounders","6501":"Muddlers","6502":"Strainers","6503":"Graters","6504":"Scoops","6505":"Funnels","6506":"Ladles","6507":"Paddles","6508":"Kitchen Tongs","2325":"Cutlery","2326":"Knives","1946":"Pots","1947":"Pans","1948":"Pot & Pan Sets","2294":"Woks","2296":"Lids","6069":"Trivets","6070":"Pot Holders","1045":"Butter Dishes","2639":"Gravy Boats","2640":"Sugar Bowls & Creamers","2537":"Trays","2538":"Platters","6084":"Snack Sets","12213":"Cheese & Charcuterie Boards","1056":"Pint Glasses","1060":"Coasters","1062":"Mugs","1063":"Cozies","1067":"Pitchers & Drinking Sets","1069":"Tea Cups & Sets","1070":"Water Bottles","1071":"Tumblers & Water Glasses","1880":"Punch Bowls & Sets","2663":"Juice Sets & Carafes","12225":"Water Pots","1055":"Bar Carts & Bars","1057":"Bottle Openers","1058":"Bottle Stoppers","1059":"Champagne & Coupe Glasses","1061":"Cocktail Shakers","1064":"Decanters","1065":"Ice Buckets","1066":"Martini & Cocktail Glasses","1068":"Shot Glasses","1072":"Wine Glasses & Charms","1861":"Steins","11274":"Flasks","12149":"Drink Flights","1944":"Centerpieces","6059":"Cookie Jars","6083":"Canister Sets","1080":"Wine Racks","1890":"Beer Caddies","2922":"Recipe Boxes","2923":"Recipe Stands","1864":"Tea Towels","1945":"Table Runners","1952":"Placemats","1953":"Napkins","1954":"Tablecloths","1955":"Sets","11355":"Console & Sofa Tables","11356":"TV Stands & Media Centers","2213":"Candelabras","2214":"Candlestick Holders","2786":"Bowls","2787":"Chandeliers","2788":"Sconces","2789":"Lanterns","2790":"Hurricanes","2792":"Candle Warmers","2793":"Salt Lamps","1005":"Container Candles","1006":"Flameless Candles","1009":"Pillar Candles","1010":"Taper Candles","1011":"Tea Lights","1012":"Votive Candles","11299":"Collage Frames","1986":"Murals","1987":"Quotations","1988":"Shapes","2844":"Signs","12109":"Tapestries","7056":"Nuts","7057":"Bolts","1871":"Caskets","1872":"Urns","2868":"Garden Gnomes","2173":"Bows","2174":"Ribbon","6604":"Gift Wrap","6605":"Furoshiki","6851":"Party Favor Bags","6852":"Gift Bags","6853":"Merchandise Bags","1273":"Christmas Cards","1274":"Easter Cards","1275":"Hanukkah Cards","1276":"Patriotism & Independence Cards","1277":"Religious Events Cards","1278":"Thanksgiving Cards","1279":"Valentines Cards","2177":"Wedding Cards","2178":"Engagement Cards","2179":"Wedding Shower Cards","1874":"Templates","1875":"Graphic Design","6845":"Bubble Wrap","6846":"Packing Peanuts","6847":"Stuffing & Shredded Packaging","6335":"Lanterns","6336":"String Lights","2102":"Place Cards","2103":"Place Card Holders","1345":"Straws","6854":"Cups","6855":"Plates","6856":"Cutlery","6858":"Napkins","6859":"Runners & Tablecloths","1989":"Ice Skates","1990":"Roller Skates","1991":"Roller Blades","1812":"Rain Boots","1813":"Winter Boots","2148":"Ice Skates","2149":"Roller Skates","2150":"Roller Blades","2387":"Mahjong","2393":"Dominoes","2653":"Yoga","2654":"Pilates","6072":"Holsters","1588":"Coats","1589":"Dresses","1590":"Hats","1591":"Jackets","1592":"Jewelry","1593":"Legwear","1594":"Pants","1595":"Purses","1596":"Scarves","1597":"Shirts","1598":"Shorts","1599":"Skirts","1600":"Sleepwear","1601":"Socks","1602":"Sweaters","1603":"Underwear","2930":"Reborn Dolls","2908":"Tambourines","1802":"Wreaths","1803":"Tiaras","6093":"Unity Candles","6094":"Unity Candle Holders","2928":"Table Numbers","7058":"Yarn Needles","7059":"Punch Needles","7060":"Rug Needles","7061":"Knitting Needles","9202":"Hand Needles","7030":"Safety Pins","7036":"Bar Pins","7063":"T-Pins","7064":"Ball Point Pins","7065":"Fork Pins","7066":"Eye Pins","7067":"Head Pins","7068":"Sequin Pins","6807":"Point Protectors","7029":"Pincushions","7032":"Needle Threaders","7034":"Thimbles","7037":"Needle Minders","7038":"Needle Cases","7050":"Pine Cones","7051":"Nuts","6894":"Canning Jars","6895":"Squeeze Bottles","6896":"Carboys","6897":"Cans","6898":"Canisters","6899":"Bottle Caps","6900":"Lids","6901":"Jar Rings","6902":"Corks","6903":"Tool Boxes","6904":"Hat Boxes","9329":"Rulers","9330":"Yardsticks","6911":"Clamps","6912":"Vises","6913":"Jigs","6914":"Mandrels","9331":"Staplers","9332":"Staple Guns","7053":"Warping Boards","7054":"Warping Pegs","7055":"Warping Mills","6822":"Cheesecloth","6823":"Sifters","2286":"Stockpots","2289":"Double Boilers","2290":"Dutch Ovens","2292":"Fondue Sets","2299":"Pressure Cookers","6487":"Boilers & Kettles","6488":"Pouring Pots","2287":"Skillets","2288":"Saucepans","2291":"Roasting Pans","2293":"Griddles","2298":"Saut\u00e9 Pans","2641":"Sugar Bowls","2642":"Creamers","2643":"Sets","2927":"Honey Pots","11275":"Travel Mugs","1881":"Tea Cozies","1938":"Pitchers","1939":"Pitcher Sets","1942":"Tea Cups","1943":"Tea Sets","1940":"Punch Bowls","1941":"Punch Bowl Sets","2664":"Juice Glasses","2665":"Carafes","2666":"Juice Sets","2667":"Juicers","1934":"Champagne Glasses","1935":"Coupe Glasses","1949":"Martini Glasses","1950":"Julep Cups","1951":"Margarita Glasses","1936":"Wine Charms","1937":"Wine Glasses","2845":"Address Signs","12108":"Letter Boards & Accessories","12110":"Marquee Letters & Signs","1876":"R\u00e9sum\u00e9 Templates","2818":"Website Templates","769":"Store Graphics","1877":"Logos & Branding","1878":"Letterhead Designs","2297":"Cast Iron Skillets"}