[{"id":2,"level":2,"name":"Belts & Suspenders","parent_id":1,"full_path_taxonomy_ids":[1,2]},{"id":6,"level":2,"name":"Costume Accessories","parent_id":1,"full_path_taxonomy_ids":[1,6]},{"id":16,"level":2,"name":"Gloves & Mittens","parent_id":1,"full_path_taxonomy_ids":[1,16]},{"id":25,"level":2,"name":"Hats & Caps","parent_id":1,"full_path_taxonomy_ids":[1,25]},{"id":39,"level":2,"name":"Patches & Pins","parent_id":1,"full_path_taxonomy_ids":[1,39]},{"id":42,"level":2,"name":"Scarves & Wraps","parent_id":1,"full_path_taxonomy_ids":[1,42]},{"id":48,"level":2,"name":"Suit & Tie Accessories","parent_id":1,"full_path_taxonomy_ids":[1,48]},{"id":58,"level":2,"name":"Sunglasses & Eyewear","parent_id":1,"full_path_taxonomy_ids":[1,58]},{"id":65,"level":2,"name":"Umbrellas & Rain Accessories","parent_id":1,"full_path_taxonomy_ids":[1,65]},{"id":164,"level":2,"name":"Keychains & Lanyards","parent_id":1,"full_path_taxonomy_ids":[1,164]},{"id":219,"level":2,"name":"Hair Accessories","parent_id":1,"full_path_taxonomy_ids":[1,219]},{"id":1728,"level":2,"name":"Baby Accessories","parent_id":1,"full_path_taxonomy_ids":[1,1728]},{"id":10783,"level":2,"name":"Bouquets & Corsages","parent_id":1,"full_path_taxonomy_ids":[1,10783]},{"id":11245,"level":2,"name":"Hand Fans","parent_id":1,"full_path_taxonomy_ids":[1,11245]},{"id":12235,"level":2,"name":"Latkans","parent_id":1,"full_path_taxonomy_ids":[1,12235]},{"id":67,"level":2,"name":"Collectibles","parent_id":66,"full_path_taxonomy_ids":[66,67]},{"id":75,"level":2,"name":"Drawing & Illustration","parent_id":66,"full_path_taxonomy_ids":[66,75]},{"id":82,"level":2,"name":"Fiber Arts","parent_id":66,"full_path_taxonomy_ids":[66,82]},{"id":99,"level":2,"name":"Mixed Media & Collage","parent_id":66,"full_path_taxonomy_ids":[66,99]},{"id":104,"level":2,"name":"Glass Art","parent_id":66,"full_path_taxonomy_ids":[66,104]},{"id":105,"level":2,"name":"Painting","parent_id":66,"full_path_taxonomy_ids":[66,105]},{"id":115,"level":2,"name":"Photography","parent_id":66,"full_path_taxonomy_ids":[66,115]},{"id":119,"level":2,"name":"Prints","parent_id":66,"full_path_taxonomy_ids":[66,119]},{"id":128,"level":2,"name":"Sculpture","parent_id":66,"full_path_taxonomy_ids":[66,128]},{"id":1612,"level":2,"name":"Dolls & Miniatures","parent_id":66,"full_path_taxonomy_ids":[66,1612]},{"id":1865,"level":2,"name":"Artist Trading Cards","parent_id":66,"full_path_taxonomy_ids":[66,1865]},{"id":6096,"level":2,"name":"Fine Art Ceramics","parent_id":66,"full_path_taxonomy_ids":[66,6096]},{"id":133,"level":2,"name":"Accessory Cases","parent_id":132,"full_path_taxonomy_ids":[132,133]},{"id":136,"level":2,"name":"Backpacks","parent_id":132,"full_path_taxonomy_ids":[132,136]},{"id":137,"level":2,"name":"Clothing & Shoe Bags","parent_id":132,"full_path_taxonomy_ids":[132,137]},{"id":141,"level":2,"name":"Cosmetic & Toiletry Storage","parent_id":132,"full_path_taxonomy_ids":[132,141]},{"id":149,"level":2,"name":"Diaper Bags","parent_id":132,"full_path_taxonomy_ids":[132,149]},{"id":150,"level":2,"name":"Fanny Packs","parent_id":132,"full_path_taxonomy_ids":[132,150]},{"id":151,"level":2,"name":"Food & Insulated Bags","parent_id":132,"full_path_taxonomy_ids":[132,151]},{"id":156,"level":2,"name":"Handbags","parent_id":132,"full_path_taxonomy_ids":[132,156]},{"id":168,"level":2,"name":"Luggage & Travel","parent_id":132,"full_path_taxonomy_ids":[132,168]},{"id":180,"level":2,"name":"Market Bags","parent_id":132,"full_path_taxonomy_ids":[132,180]},{"id":181,"level":2,"name":"Messenger Bags","parent_id":132,"full_path_taxonomy_ids":[132,181]},{"id":182,"level":2,"name":"Pouches & Coin Purses","parent_id":132,"full_path_taxonomy_ids":[132,182]},{"id":183,"level":2,"name":"Sports Bags","parent_id":132,"full_path_taxonomy_ids":[132,183]},{"id":190,"level":2,"name":"Totes","parent_id":132,"full_path_taxonomy_ids":[132,190]},{"id":191,"level":2,"name":"Wallets & Money Clips","parent_id":132,"full_path_taxonomy_ids":[132,191]},{"id":292,"level":2,"name":"Skin Care","parent_id":199,"full_path_taxonomy_ids":[199,292]},{"id":200,"level":2,"name":"Baby & Child Care","parent_id":199,"full_path_taxonomy_ids":[199,200]},{"id":270,"level":2,"name":"Personal Care","parent_id":199,"full_path_taxonomy_ids":[199,270]},{"id":241,"level":2,"name":"Makeup & Cosmetics","parent_id":199,"full_path_taxonomy_ids":[199,241]},{"id":210,"level":2,"name":"Bath Accessories","parent_id":199,"full_path_taxonomy_ids":[199,210]},{"id":308,"level":2,"name":"Soaps","parent_id":199,"full_path_taxonomy_ids":[199,308]},{"id":215,"level":2,"name":"Essential Oils","parent_id":199,"full_path_taxonomy_ids":[199,215]},{"id":216,"level":2,"name":"Fragrances","parent_id":199,"full_path_taxonomy_ids":[199,216]},{"id":217,"level":2,"name":"Hair Care","parent_id":199,"full_path_taxonomy_ids":[199,217]},{"id":316,"level":2,"name":"Spa & Relaxation","parent_id":199,"full_path_taxonomy_ids":[199,316]},{"id":324,"level":2,"name":"Books","parent_id":323,"full_path_taxonomy_ids":[323,324]},{"id":355,"level":2,"name":"Movies","parent_id":323,"full_path_taxonomy_ids":[323,355]},{"id":356,"level":2,"name":"Music","parent_id":323,"full_path_taxonomy_ids":[323,356]},{"id":373,"level":2,"name":"Video Cases & Tins","parent_id":323,"full_path_taxonomy_ids":[323,373]},{"id":375,"level":2,"name":"Boys' Clothing","parent_id":374,"full_path_taxonomy_ids":[374,375]},{"id":401,"level":2,"name":"Girls' Clothing","parent_id":374,"full_path_taxonomy_ids":[374,401]},{"id":432,"level":2,"name":"Men's Clothing","parent_id":374,"full_path_taxonomy_ids":[374,432]},{"id":465,"level":2,"name":"Unisex Adult Clothing","parent_id":374,"full_path_taxonomy_ids":[374,465]},{"id":484,"level":2,"name":"Unisex Kids' Clothing","parent_id":374,"full_path_taxonomy_ids":[374,484]},{"id":500,"level":2,"name":"Women's Clothing","parent_id":374,"full_path_taxonomy_ids":[374,500]},{"id":6241,"level":2,"name":"Decorations & Embellishments","parent_id":562,"full_path_taxonomy_ids":[562,6241]},{"id":6242,"level":2,"name":"Blanks","parent_id":562,"full_path_taxonomy_ids":[562,6242]},{"id":6244,"level":2,"name":"Safety & Cleaning Supplies","parent_id":562,"full_path_taxonomy_ids":[562,6244]},{"id":9124,"level":2,"name":"Beauty Supplies","parent_id":562,"full_path_taxonomy_ids":[562,9124]},{"id":6245,"level":2,"name":"Doll & Model Supplies","parent_id":562,"full_path_taxonomy_ids":[562,6245]},{"id":6246,"level":2,"name":"Fabric & Notions","parent_id":562,"full_path_taxonomy_ids":[562,6246]},{"id":6216,"level":2,"name":"Brushes","parent_id":562,"full_path_taxonomy_ids":[562,6216]},{"id":6217,"level":2,"name":"Canvas & Surfaces","parent_id":562,"full_path_taxonomy_ids":[562,6217]},{"id":6218,"level":2,"name":"Frames, Hoops & Stands","parent_id":562,"full_path_taxonomy_ids":[562,6218]},{"id":9322,"level":2,"name":"Yarn & Fiber","parent_id":562,"full_path_taxonomy_ids":[562,9322]},{"id":6219,"level":2,"name":"Closures & Fasteners","parent_id":562,"full_path_taxonomy_ids":[562,6219]},{"id":6220,"level":2,"name":"Findings","parent_id":562,"full_path_taxonomy_ids":[562,6220]},{"id":6221,"level":2,"name":"Kitchen Supplies","parent_id":562,"full_path_taxonomy_ids":[562,6221]},{"id":6223,"level":2,"name":"Glue & Adhesives","parent_id":562,"full_path_taxonomy_ids":[562,6223]},{"id":6224,"level":2,"name":"Knives & Cutting Tools","parent_id":562,"full_path_taxonomy_ids":[562,6224]},{"id":6227,"level":2,"name":"Molds","parent_id":562,"full_path_taxonomy_ids":[562,6227]},{"id":9139,"level":2,"name":"Imaging & Lighting","parent_id":562,"full_path_taxonomy_ids":[562,9139]},{"id":6228,"level":2,"name":"Party & Gifting","parent_id":562,"full_path_taxonomy_ids":[562,6228]},{"id":6229,"level":2,"name":"Patterns & How To","parent_id":562,"full_path_taxonomy_ids":[562,6229]},{"id":9205,"level":2,"name":"Beads, Gems & Cabochons","parent_id":562,"full_path_taxonomy_ids":[562,9205]},{"id":6230,"level":2,"name":"Floral & Garden Supplies","parent_id":562,"full_path_taxonomy_ids":[562,6230]},{"id":6231,"level":2,"name":"Raw Materials","parent_id":562,"full_path_taxonomy_ids":[562,6231]},{"id":6232,"level":2,"name":"Stamps & Seals","parent_id":562,"full_path_taxonomy_ids":[562,6232]},{"id":6233,"level":2,"name":"Storage & Organization","parent_id":562,"full_path_taxonomy_ids":[562,6233]},{"id":6234,"level":2,"name":"String, Cord & Wire","parent_id":562,"full_path_taxonomy_ids":[562,6234]},{"id":6235,"level":2,"name":"Tools & Equipment","parent_id":562,"full_path_taxonomy_ids":[562,6235]},{"id":6236,"level":2,"name":"Pens, Pencils & Marking Tools","parent_id":562,"full_path_taxonomy_ids":[562,6236]},{"id":6237,"level":2,"name":"Paints, Inks & Dyes","parent_id":562,"full_path_taxonomy_ids":[562,6237]},{"id":826,"level":2,"name":"Audio","parent_id":825,"full_path_taxonomy_ids":[825,826]},{"id":832,"level":2,"name":"Batteries & Charging","parent_id":825,"full_path_taxonomy_ids":[825,832]},{"id":835,"level":2,"name":"Cables & Cords","parent_id":825,"full_path_taxonomy_ids":[825,835]},{"id":838,"level":2,"name":"Cameras & Equipment","parent_id":825,"full_path_taxonomy_ids":[825,838]},{"id":846,"level":2,"name":"Car Parts & Accessories","parent_id":825,"full_path_taxonomy_ids":[825,846]},{"id":847,"level":2,"name":"Cell Phone Accessories","parent_id":825,"full_path_taxonomy_ids":[825,847]},{"id":850,"level":2,"name":"Computers & Peripherals","parent_id":825,"full_path_taxonomy_ids":[825,850]},{"id":855,"level":2,"name":"Decals & Skins","parent_id":825,"full_path_taxonomy_ids":[825,855]},{"id":861,"level":2,"name":"Docking & Stands","parent_id":825,"full_path_taxonomy_ids":[825,861]},{"id":865,"level":2,"name":"Electronics Cases","parent_id":825,"full_path_taxonomy_ids":[825,865]},{"id":875,"level":2,"name":"Gadgets","parent_id":825,"full_path_taxonomy_ids":[825,875]},{"id":876,"level":2,"name":"Maker Supplies","parent_id":825,"full_path_taxonomy_ids":[825,876]},{"id":880,"level":2,"name":"Parts & Electrical","parent_id":825,"full_path_taxonomy_ids":[825,880]},{"id":885,"level":2,"name":"Telephones & Handsets","parent_id":825,"full_path_taxonomy_ids":[825,885]},{"id":886,"level":2,"name":"TV & Projection","parent_id":825,"full_path_taxonomy_ids":[825,886]},{"id":890,"level":2,"name":"Video Games","parent_id":825,"full_path_taxonomy_ids":[825,890]},{"id":930,"level":2,"name":"Food & Drink","parent_id":891,"full_path_taxonomy_ids":[891,930]},{"id":900,"level":2,"name":"Bathroom","parent_id":891,"full_path_taxonomy_ids":[891,900]},{"id":1031,"level":2,"name":"Kitchen & Dining","parent_id":891,"full_path_taxonomy_ids":[891,1031]},{"id":967,"level":2,"name":"Furniture","parent_id":891,"full_path_taxonomy_ids":[891,967]},{"id":1096,"level":2,"name":"Office","parent_id":891,"full_path_taxonomy_ids":[891,1096]},{"id":1002,"level":2,"name":"Home Decor","parent_id":891,"full_path_taxonomy_ids":[891,1002]},{"id":779,"level":2,"name":"Home Improvement","parent_id":891,"full_path_taxonomy_ids":[891,779]},{"id":1165,"level":2,"name":"Storage & Organization","parent_id":891,"full_path_taxonomy_ids":[891,1165]},{"id":1135,"level":2,"name":"Spirituality & Religion","parent_id":891,"full_path_taxonomy_ids":[891,1135]},{"id":911,"level":2,"name":"Bedding","parent_id":891,"full_path_taxonomy_ids":[891,911]},{"id":1105,"level":2,"name":"Outdoor & Gardening","parent_id":891,"full_path_taxonomy_ids":[891,1105]},{"id":919,"level":2,"name":"Cleaning Supplies","parent_id":891,"full_path_taxonomy_ids":[891,919]},{"id":1178,"level":2,"name":"Curtains & Window Treatments","parent_id":891,"full_path_taxonomy_ids":[891,1178]},{"id":892,"level":2,"name":"Home Appliances","parent_id":891,"full_path_taxonomy_ids":[891,892]},{"id":1086,"level":2,"name":"Lighting","parent_id":891,"full_path_taxonomy_ids":[891,1086]},{"id":927,"level":2,"name":"Floor & Rugs","parent_id":891,"full_path_taxonomy_ids":[891,927]},{"id":1181,"level":2,"name":"Body Jewelry","parent_id":1179,"full_path_taxonomy_ids":[1179,1181]},{"id":1193,"level":2,"name":"Bracelets","parent_id":1179,"full_path_taxonomy_ids":[1179,1193]},{"id":1203,"level":2,"name":"Earrings","parent_id":1179,"full_path_taxonomy_ids":[1179,1203]},{"id":1216,"level":2,"name":"Jewelry Storage","parent_id":1179,"full_path_taxonomy_ids":[1179,1216]},{"id":1217,"level":2,"name":"Necklaces","parent_id":1179,"full_path_taxonomy_ids":[1179,1217]},{"id":1231,"level":2,"name":"Rings","parent_id":1179,"full_path_taxonomy_ids":[1179,1231]},{"id":1249,"level":2,"name":"Watches","parent_id":1179,"full_path_taxonomy_ids":[1179,1249]},{"id":2115,"level":2,"name":"Jewelry Sets","parent_id":1179,"full_path_taxonomy_ids":[1179,2115]},{"id":6110,"level":2,"name":"Wearable Tech Jewelry","parent_id":1179,"full_path_taxonomy_ids":[1179,6110]},{"id":10840,"level":2,"name":"Brooches, Pins & Clips","parent_id":1179,"full_path_taxonomy_ids":[1179,10840]},{"id":10842,"level":2,"name":"Cremation & Memorial Jewelry","parent_id":1179,"full_path_taxonomy_ids":[1179,10842]},{"id":1251,"level":2,"name":"Paper","parent_id":1250,"full_path_taxonomy_ids":[1250,1251]},{"id":1330,"level":2,"name":"Party Supplies","parent_id":1250,"full_path_taxonomy_ids":[1250,1330]},{"id":1352,"level":2,"name":"Beekeeping","parent_id":1351,"full_path_taxonomy_ids":[1351,1352]},{"id":1353,"level":2,"name":"Pet Bedding","parent_id":1351,"full_path_taxonomy_ids":[1351,1353]},{"id":1358,"level":2,"name":"Pet Carriers & Houses","parent_id":1351,"full_path_taxonomy_ids":[1351,1358]},{"id":1368,"level":2,"name":"Pet Clothing, Accessories & Shoes","parent_id":1351,"full_path_taxonomy_ids":[1351,1368]},{"id":1383,"level":2,"name":"Pet Collars & Leashes","parent_id":1351,"full_path_taxonomy_ids":[1351,1383]},{"id":1388,"level":2,"name":"Pet Feeding","parent_id":1351,"full_path_taxonomy_ids":[1351,1388]},{"id":1394,"level":2,"name":"Pet Furniture","parent_id":1351,"full_path_taxonomy_ids":[1351,1394]},{"id":1401,"level":2,"name":"Pet Gates & Fences","parent_id":1351,"full_path_taxonomy_ids":[1351,1401]},{"id":1402,"level":2,"name":"Pet Health & Wellness","parent_id":1351,"full_path_taxonomy_ids":[1351,1402]},{"id":1415,"level":2,"name":"Pet Storage","parent_id":1351,"full_path_taxonomy_ids":[1351,1415]},{"id":1416,"level":2,"name":"Pet Toys","parent_id":1351,"full_path_taxonomy_ids":[1351,1416]},{"id":1421,"level":2,"name":"Riding & Farm Animals","parent_id":1351,"full_path_taxonomy_ids":[1351,1421]},{"id":1422,"level":2,"name":"Training","parent_id":1351,"full_path_taxonomy_ids":[1351,1422]},{"id":1425,"level":2,"name":"Urns & Memorials","parent_id":1351,"full_path_taxonomy_ids":[1351,1425]},{"id":1430,"level":2,"name":"Boys' Shoes","parent_id":1429,"full_path_taxonomy_ids":[1429,1430]},{"id":1440,"level":2,"name":"Girls' Shoes","parent_id":1429,"full_path_taxonomy_ids":[1429,1440]},{"id":1451,"level":2,"name":"Insoles & Accessories","parent_id":1429,"full_path_taxonomy_ids":[1429,1451]},{"id":1458,"level":2,"name":"Men's Shoes","parent_id":1429,"full_path_taxonomy_ids":[1429,1458]},{"id":1485,"level":2,"name":"Unisex Adult Shoes","parent_id":1429,"full_path_taxonomy_ids":[1429,1485]},{"id":1504,"level":2,"name":"Unisex Kids' Shoes","parent_id":1429,"full_path_taxonomy_ids":[1429,1504]},{"id":1512,"level":2,"name":"Women's Shoes","parent_id":1429,"full_path_taxonomy_ids":[1429,1512]},{"id":1553,"level":2,"name":"Games & Puzzles","parent_id":1552,"full_path_taxonomy_ids":[1552,1553]},{"id":1560,"level":2,"name":"Sports & Outdoor Recreation","parent_id":1552,"full_path_taxonomy_ids":[1552,1560]},{"id":1580,"level":2,"name":"Toys","parent_id":1552,"full_path_taxonomy_ids":[1552,1580]},{"id":1634,"level":2,"name":"Accessories","parent_id":1633,"full_path_taxonomy_ids":[1633,1634]},{"id":1652,"level":2,"name":"Clothing","parent_id":1633,"full_path_taxonomy_ids":[1633,1652]},{"id":1657,"level":2,"name":"Decorations","parent_id":1633,"full_path_taxonomy_ids":[1633,1657]},{"id":1664,"level":2,"name":"Gifts & Mementos","parent_id":1633,"full_path_taxonomy_ids":[1633,1664]},{"id":1672,"level":2,"name":"Invitations & Paper","parent_id":1633,"full_path_taxonomy_ids":[1633,1672]},{"id":1680,"level":2,"name":"Jewelry","parent_id":1633,"full_path_taxonomy_ids":[1633,1680]},{"id":1696,"level":2,"name":"Shoes","parent_id":1633,"full_path_taxonomy_ids":[1633,1696]}]