[{"id":2803,"level":5,"name":"Baseball Helmets","parent_id":2154,"full_path_taxonomy_ids":[1,25,2153,2154,2803]},{"id":2804,"level":5,"name":"Football Helmets","parent_id":2154,"full_path_taxonomy_ids":[1,25,2153,2154,2804]},{"id":12175,"level":5,"name":"Maang Tikkas","parent_id":12168,"full_path_taxonomy_ids":[1,219,1758,12168,12175]},{"id":12176,"level":5,"name":"Matha Pattis","parent_id":12168,"full_path_taxonomy_ids":[1,219,1758,12168,12176]},{"id":12220,"level":5,"name":"Passas","parent_id":12168,"full_path_taxonomy_ids":[1,219,1758,12168,12220]},{"id":1771,"level":5,"name":"Collectible Jerseys","parent_id":73,"full_path_taxonomy_ids":[66,67,70,73,1771]},{"id":1604,"level":5,"name":"Doll Furniture","parent_id":1605,"full_path_taxonomy_ids":[66,1612,1798,1605,1604]},{"id":1815,"level":5,"name":"Restraints","parent_id":279,"full_path_taxonomy_ids":[199,270,276,279,1815]},{"id":1816,"level":5,"name":"Gags","parent_id":279,"full_path_taxonomy_ids":[199,270,276,279,1816]},{"id":2337,"level":5,"name":"Dildos","parent_id":280,"full_path_taxonomy_ids":[199,270,276,280,2337]},{"id":2338,"level":5,"name":"Vibrators","parent_id":280,"full_path_taxonomy_ids":[199,270,276,280,2338]},{"id":2339,"level":5,"name":"Butt Plugs","parent_id":280,"full_path_taxonomy_ids":[199,270,276,280,2339]},{"id":2333,"level":5,"name":"Paddles","parent_id":281,"full_path_taxonomy_ids":[199,270,276,281,2333]},{"id":2334,"level":5,"name":"Floggers","parent_id":281,"full_path_taxonomy_ids":[199,270,276,281,2334]},{"id":2335,"level":5,"name":"Whips","parent_id":281,"full_path_taxonomy_ids":[199,270,276,281,2335]},{"id":2336,"level":5,"name":"Crops","parent_id":281,"full_path_taxonomy_ids":[199,270,276,281,2336]},{"id":2001,"level":5,"name":"Combs","parent_id":284,"full_path_taxonomy_ids":[199,270,282,284,2001]},{"id":2002,"level":5,"name":"Waxes & Pomades","parent_id":284,"full_path_taxonomy_ids":[199,270,282,284,2002]},{"id":2003,"level":5,"name":"Balms & Conditioner","parent_id":284,"full_path_taxonomy_ids":[199,270,282,284,2003]},{"id":1817,"level":5,"name":"Waxing","parent_id":289,"full_path_taxonomy_ids":[199,270,282,289,1817]},{"id":1818,"level":5,"name":"Sugaring","parent_id":289,"full_path_taxonomy_ids":[199,270,282,289,1818]},{"id":2089,"level":5,"name":"Eyelashes","parent_id":244,"full_path_taxonomy_ids":[199,241,242,244,2089]},{"id":2090,"level":5,"name":"Mascara","parent_id":244,"full_path_taxonomy_ids":[199,241,242,244,2090]},{"id":2091,"level":5,"name":"Lip Balms","parent_id":256,"full_path_taxonomy_ids":[199,241,255,256,2091]},{"id":2092,"level":5,"name":"Lip Glosses","parent_id":256,"full_path_taxonomy_ids":[199,241,255,256,2092]},{"id":1992,"level":5,"name":"Nail Decals & Guides","parent_id":265,"full_path_taxonomy_ids":[199,241,263,265,1992]},{"id":1993,"level":5,"name":"Nail Stamping","parent_id":265,"full_path_taxonomy_ids":[199,241,263,265,1993]},{"id":1994,"level":5,"name":"Nail Wraps","parent_id":265,"full_path_taxonomy_ids":[199,241,263,265,1994]},{"id":1995,"level":5,"name":"Nail Charms","parent_id":265,"full_path_taxonomy_ids":[199,241,263,265,1995]},{"id":1996,"level":5,"name":"Nail Glitter","parent_id":265,"full_path_taxonomy_ids":[199,241,263,265,1996]},{"id":1997,"level":5,"name":"DIY Polish Supplies","parent_id":265,"full_path_taxonomy_ids":[199,241,263,265,1997]},{"id":9136,"level":5,"name":"Nail Stencils","parent_id":265,"full_path_taxonomy_ids":[199,241,263,265,9136]},{"id":1998,"level":5,"name":"Dotting Tools","parent_id":268,"full_path_taxonomy_ids":[199,241,263,268,1998]},{"id":1999,"level":5,"name":"Clippers & Scissors","parent_id":268,"full_path_taxonomy_ids":[199,241,263,268,1999]},{"id":2000,"level":5,"name":"Polish Removal","parent_id":268,"full_path_taxonomy_ids":[199,241,263,268,2000]},{"id":9131,"level":5,"name":"Nail Art Brushes","parent_id":268,"full_path_taxonomy_ids":[199,241,263,268,9131]},{"id":9132,"level":5,"name":"Nail Files","parent_id":268,"full_path_taxonomy_ids":[199,241,263,268,9132]},{"id":9133,"level":5,"name":"Cuticle Pushers","parent_id":268,"full_path_taxonomy_ids":[199,241,263,268,9133]},{"id":2046,"level":5,"name":"Trumpets","parent_id":360,"full_path_taxonomy_ids":[323,356,359,360,2046]},{"id":2047,"level":5,"name":"French Horns","parent_id":360,"full_path_taxonomy_ids":[323,356,359,360,2047]},{"id":2048,"level":5,"name":"Tubas","parent_id":360,"full_path_taxonomy_ids":[323,356,359,360,2048]},{"id":2050,"level":5,"name":"Trombones","parent_id":360,"full_path_taxonomy_ids":[323,356,359,360,2050]},{"id":2051,"level":5,"name":"Cornet & Other Horns","parent_id":360,"full_path_taxonomy_ids":[323,356,359,360,2051]},{"id":2025,"level":5,"name":"Drum Kits","parent_id":361,"full_path_taxonomy_ids":[323,356,359,361,2025]},{"id":2026,"level":5,"name":"Drumsticks","parent_id":361,"full_path_taxonomy_ids":[323,356,359,361,2026]},{"id":2027,"level":5,"name":"Conga Drums","parent_id":361,"full_path_taxonomy_ids":[323,356,359,361,2027]},{"id":2028,"level":5,"name":"Toms","parent_id":361,"full_path_taxonomy_ids":[323,356,359,361,2028]},{"id":2029,"level":5,"name":"Snare Drums","parent_id":361,"full_path_taxonomy_ids":[323,356,359,361,2029]},{"id":2030,"level":5,"name":"Triangles","parent_id":361,"full_path_taxonomy_ids":[323,356,359,361,2030]},{"id":2031,"level":5,"name":"Marimbas","parent_id":361,"full_path_taxonomy_ids":[323,356,359,361,2031]},{"id":2032,"level":5,"name":"Xylophones","parent_id":361,"full_path_taxonomy_ids":[323,356,359,361,2032]},{"id":2033,"level":5,"name":"Cymbals","parent_id":361,"full_path_taxonomy_ids":[323,356,359,361,2033]},{"id":2034,"level":5,"name":"Drum Thrones","parent_id":361,"full_path_taxonomy_ids":[323,356,359,361,2034]},{"id":2035,"level":5,"name":"Steel Drums","parent_id":361,"full_path_taxonomy_ids":[323,356,359,361,2035]},{"id":2036,"level":5,"name":"Bongos","parent_id":361,"full_path_taxonomy_ids":[323,356,359,361,2036]},{"id":2037,"level":5,"name":"Bass Drums","parent_id":361,"full_path_taxonomy_ids":[323,356,359,361,2037]},{"id":6068,"level":5,"name":"Maracas & Shakers","parent_id":361,"full_path_taxonomy_ids":[323,356,359,361,6068]},{"id":12203,"level":5,"name":"Dhol Drums","parent_id":361,"full_path_taxonomy_ids":[323,356,359,361,12203]},{"id":2021,"level":5,"name":"Pianos","parent_id":363,"full_path_taxonomy_ids":[323,356,359,363,2021]},{"id":2022,"level":5,"name":"Keyboards","parent_id":363,"full_path_taxonomy_ids":[323,356,359,363,2022]},{"id":2023,"level":5,"name":"Keytars","parent_id":363,"full_path_taxonomy_ids":[323,356,359,363,2023]},{"id":2024,"level":5,"name":"Accordions","parent_id":363,"full_path_taxonomy_ids":[323,356,359,363,2024]},{"id":2014,"level":5,"name":"Banjos","parent_id":364,"full_path_taxonomy_ids":[323,356,359,364,2014]},{"id":2015,"level":5,"name":"Guitars","parent_id":364,"full_path_taxonomy_ids":[323,356,359,364,2015]},{"id":2016,"level":5,"name":"Ukuleles","parent_id":364,"full_path_taxonomy_ids":[323,356,359,364,2016]},{"id":2017,"level":5,"name":"Harps & Lyres","parent_id":364,"full_path_taxonomy_ids":[323,356,359,364,2017]},{"id":2018,"level":5,"name":"Violins & Bows","parent_id":364,"full_path_taxonomy_ids":[323,356,359,364,2018]},{"id":2019,"level":5,"name":"Bows","parent_id":364,"full_path_taxonomy_ids":[323,356,359,364,2019]},{"id":2020,"level":5,"name":"Replacement Strings","parent_id":364,"full_path_taxonomy_ids":[323,356,359,364,2020]},{"id":2829,"level":5,"name":"Mandolins","parent_id":364,"full_path_taxonomy_ids":[323,356,359,364,2829]},{"id":2404,"level":5,"name":"Pedals","parent_id":365,"full_path_taxonomy_ids":[323,356,359,365,2404]},{"id":2405,"level":5,"name":"Synthesizers","parent_id":365,"full_path_taxonomy_ids":[323,356,359,365,2405]},{"id":2406,"level":5,"name":"Drum Machines","parent_id":365,"full_path_taxonomy_ids":[323,356,359,365,2406]},{"id":2407,"level":5,"name":"Loopers","parent_id":365,"full_path_taxonomy_ids":[323,356,359,365,2407]},{"id":2412,"level":5,"name":"Metronomes","parent_id":367,"full_path_taxonomy_ids":[323,356,359,367,2412]},{"id":2038,"level":5,"name":"Flutes","parent_id":368,"full_path_taxonomy_ids":[323,356,359,368,2038]},{"id":2039,"level":5,"name":"Clarinets","parent_id":368,"full_path_taxonomy_ids":[323,356,359,368,2039]},{"id":2040,"level":5,"name":"Oboes","parent_id":368,"full_path_taxonomy_ids":[323,356,359,368,2040]},{"id":2041,"level":5,"name":"Didgeridoos","parent_id":368,"full_path_taxonomy_ids":[323,356,359,368,2041]},{"id":2042,"level":5,"name":"Whistles","parent_id":368,"full_path_taxonomy_ids":[323,356,359,368,2042]},{"id":2043,"level":5,"name":"Harmonicas","parent_id":368,"full_path_taxonomy_ids":[323,356,359,368,2043]},{"id":2044,"level":5,"name":"Bagpipes","parent_id":368,"full_path_taxonomy_ids":[323,356,359,368,2044]},{"id":2045,"level":5,"name":"Recorders","parent_id":368,"full_path_taxonomy_ids":[323,356,359,368,2045]},{"id":2049,"level":5,"name":"Saxophones","parent_id":368,"full_path_taxonomy_ids":[323,356,359,368,2049]},{"id":2180,"level":5,"name":"Bloomers","parent_id":378,"full_path_taxonomy_ids":[374,375,377,378,2180]},{"id":2181,"level":5,"name":"Underwear","parent_id":378,"full_path_taxonomy_ids":[374,375,377,378,2181]},{"id":2184,"level":5,"name":"Diaper Covers","parent_id":378,"full_path_taxonomy_ids":[374,375,377,378,2184]},{"id":1849,"level":5,"name":"Hoodies","parent_id":382,"full_path_taxonomy_ids":[374,375,377,382,1849]},{"id":2170,"level":5,"name":"Sweatshirts","parent_id":382,"full_path_taxonomy_ids":[374,375,377,382,2170]},{"id":1841,"level":5,"name":"Socks","parent_id":384,"full_path_taxonomy_ids":[374,375,377,384,1841]},{"id":1842,"level":5,"name":"Leg Warmers","parent_id":384,"full_path_taxonomy_ids":[374,375,377,384,1842]},{"id":11189,"level":5,"name":"One-Piece","parent_id":1819,"full_path_taxonomy_ids":[374,375,393,1819,11189]},{"id":11190,"level":5,"name":"Sets","parent_id":1819,"full_path_taxonomy_ids":[374,375,393,1819,11190]},{"id":11191,"level":5,"name":"Sleep Shorts & Bottoms","parent_id":1819,"full_path_taxonomy_ids":[374,375,393,1819,11191]},{"id":11194,"level":5,"name":"Tops","parent_id":1819,"full_path_taxonomy_ids":[374,375,393,1819,11194]},{"id":11215,"level":5,"name":"Graphic Tanks","parent_id":11135,"full_path_taxonomy_ids":[374,375,399,11135,11215]},{"id":11137,"level":5,"name":"Graphic Tees","parent_id":11136,"full_path_taxonomy_ids":[374,375,399,11136,11137]},{"id":2189,"level":5,"name":"Bloomers","parent_id":404,"full_path_taxonomy_ids":[374,401,403,404,2189]},{"id":2190,"level":5,"name":"Diaper Covers","parent_id":404,"full_path_taxonomy_ids":[374,401,403,404,2190]},{"id":2191,"level":5,"name":"Underwear","parent_id":404,"full_path_taxonomy_ids":[374,401,403,404,2191]},{"id":1850,"level":5,"name":"Hoodies","parent_id":409,"full_path_taxonomy_ids":[374,401,403,409,1850]},{"id":2199,"level":5,"name":"Sweatshirts","parent_id":409,"full_path_taxonomy_ids":[374,401,403,409,2199]},{"id":1823,"level":5,"name":"Robes","parent_id":410,"full_path_taxonomy_ids":[374,401,403,410,1823]},{"id":1824,"level":5,"name":"Pajamas","parent_id":410,"full_path_taxonomy_ids":[374,401,403,410,1824]},{"id":1843,"level":5,"name":"Socks","parent_id":413,"full_path_taxonomy_ids":[374,401,403,413,1843]},{"id":1844,"level":5,"name":"Leg Warmers","parent_id":413,"full_path_taxonomy_ids":[374,401,403,413,1844]},{"id":11182,"level":5,"name":"Night Gowns & Tops","parent_id":1821,"full_path_taxonomy_ids":[374,401,423,1821,11182]},{"id":11183,"level":5,"name":"Rompers & One-Piece","parent_id":1821,"full_path_taxonomy_ids":[374,401,423,1821,11183]},{"id":11184,"level":5,"name":"Sets","parent_id":1821,"full_path_taxonomy_ids":[374,401,423,1821,11184]},{"id":11185,"level":5,"name":"Sleep Shorts & Bottoms","parent_id":1821,"full_path_taxonomy_ids":[374,401,423,1821,11185]},{"id":11216,"level":5,"name":"Graphic Tanks","parent_id":11142,"full_path_taxonomy_ids":[374,401,430,11142,11216]},{"id":11144,"level":5,"name":"Graphic Tees","parent_id":11143,"full_path_taxonomy_ids":[374,401,430,11143,11144]},{"id":11155,"level":5,"name":"Crop Tops","parent_id":11154,"full_path_taxonomy_ids":[374,401,430,11154,11155]},{"id":11156,"level":5,"name":"Tube Tops","parent_id":11154,"full_path_taxonomy_ids":[374,401,430,11154,11156]},{"id":11180,"level":5,"name":"Shorts","parent_id":441,"full_path_taxonomy_ids":[374,432,438,441,11180]},{"id":11181,"level":5,"name":"Pants","parent_id":441,"full_path_taxonomy_ids":[374,432,438,441,11181]},{"id":11217,"level":5,"name":"Graphic Tanks","parent_id":448,"full_path_taxonomy_ids":[374,432,444,448,11217]},{"id":11110,"level":5,"name":"Graphic Tees","parent_id":449,"full_path_taxonomy_ids":[374,432,444,449,11110]},{"id":1827,"level":5,"name":"Boxers","parent_id":462,"full_path_taxonomy_ids":[374,432,461,462,1827]},{"id":1828,"level":5,"name":"Briefs","parent_id":462,"full_path_taxonomy_ids":[374,432,461,462,1828]},{"id":1829,"level":5,"name":"Boxer Briefs","parent_id":462,"full_path_taxonomy_ids":[374,432,461,462,1829]},{"id":11218,"level":5,"name":"Graphic Tanks","parent_id":481,"full_path_taxonomy_ids":[374,465,478,481,11218]},{"id":11165,"level":5,"name":"Graphic Tees","parent_id":482,"full_path_taxonomy_ids":[374,465,478,482,11165]},{"id":11195,"level":5,"name":"One-Piece","parent_id":1830,"full_path_taxonomy_ids":[374,465,1755,1830,11195]},{"id":11196,"level":5,"name":"Sets","parent_id":1830,"full_path_taxonomy_ids":[374,465,1755,1830,11196]},{"id":11197,"level":5,"name":"Tops","parent_id":1830,"full_path_taxonomy_ids":[374,465,1755,1830,11197]},{"id":11198,"level":5,"name":"Sleep Shorts & Bottoms","parent_id":1830,"full_path_taxonomy_ids":[374,465,1755,1830,11198]},{"id":11199,"level":5,"name":"One-Piece","parent_id":1832,"full_path_taxonomy_ids":[374,484,492,1832,11199]},{"id":11200,"level":5,"name":"Sets","parent_id":1832,"full_path_taxonomy_ids":[374,484,492,1832,11200]},{"id":11201,"level":5,"name":"Tops","parent_id":1832,"full_path_taxonomy_ids":[374,484,492,1832,11201]},{"id":11202,"level":5,"name":"Sleep Shorts & Bottoms","parent_id":1832,"full_path_taxonomy_ids":[374,484,492,1832,11202]},{"id":11171,"level":5,"name":"Graphic Tees","parent_id":11170,"full_path_taxonomy_ids":[374,484,498,11170,11171]},{"id":11219,"level":5,"name":"Graphic Tanks","parent_id":11172,"full_path_taxonomy_ids":[374,484,498,11172,11219]},{"id":2192,"level":5,"name":"Bloomers","parent_id":2123,"full_path_taxonomy_ids":[374,484,2122,2123,2192]},{"id":2193,"level":5,"name":"Diaper Covers","parent_id":2123,"full_path_taxonomy_ids":[374,484,2122,2123,2193]},{"id":2194,"level":5,"name":"Underwear","parent_id":2123,"full_path_taxonomy_ids":[374,484,2122,2123,2194]},{"id":2128,"level":5,"name":"Hoodies","parent_id":2127,"full_path_taxonomy_ids":[374,484,2122,2127,2128]},{"id":2130,"level":5,"name":"Pajamas","parent_id":2129,"full_path_taxonomy_ids":[374,484,2122,2129,2130]},{"id":2131,"level":5,"name":"Robes","parent_id":2129,"full_path_taxonomy_ids":[374,484,2122,2129,2131]},{"id":2134,"level":5,"name":"Socks","parent_id":2133,"full_path_taxonomy_ids":[374,484,2122,2133,2134]},{"id":2135,"level":5,"name":"Leg Warmers","parent_id":2133,"full_path_taxonomy_ids":[374,484,2122,2133,2135]},{"id":11203,"level":5,"name":"Neck Corsets","parent_id":517,"full_path_taxonomy_ids":[374,500,511,517,11203]},{"id":11228,"level":5,"name":"Period Underwear","parent_id":520,"full_path_taxonomy_ids":[374,500,511,520,11228]},{"id":1834,"level":5,"name":"Sleep Masks","parent_id":532,"full_path_taxonomy_ids":[374,500,527,532,1834]},{"id":2101,"level":5,"name":"Blindfolds","parent_id":532,"full_path_taxonomy_ids":[374,500,527,532,2101]},{"id":11176,"level":5,"name":"Shorts","parent_id":533,"full_path_taxonomy_ids":[374,500,527,533,11176]},{"id":11177,"level":5,"name":"Capris","parent_id":533,"full_path_taxonomy_ids":[374,500,527,533,11177]},{"id":11178,"level":5,"name":"Pants","parent_id":533,"full_path_taxonomy_ids":[374,500,527,533,11178]},{"id":11116,"level":5,"name":"Boot Socks","parent_id":539,"full_path_taxonomy_ids":[374,500,537,539,11116]},{"id":11117,"level":5,"name":"Boot Cuffs","parent_id":539,"full_path_taxonomy_ids":[374,500,537,539,11117]},{"id":1839,"level":5,"name":"Crop Tops","parent_id":555,"full_path_taxonomy_ids":[374,500,553,555,1839]},{"id":1840,"level":5,"name":"Tube Tops","parent_id":555,"full_path_taxonomy_ids":[374,500,553,555,1840]},{"id":11214,"level":5,"name":"Graphic Tanks","parent_id":558,"full_path_taxonomy_ids":[374,500,553,558,11214]},{"id":11115,"level":5,"name":"Graphic Tees","parent_id":559,"full_path_taxonomy_ids":[374,500,553,559,11115]},{"id":7026,"level":5,"name":"Pin Backs","parent_id":6769,"full_path_taxonomy_ids":[562,6242,6444,6769,7026]},{"id":7027,"level":5,"name":"Blanks","parent_id":6769,"full_path_taxonomy_ids":[562,6242,6444,6769,7027]},{"id":7028,"level":5,"name":"Catches","parent_id":6769,"full_path_taxonomy_ids":[562,6242,6444,6769,7028]},{"id":7033,"level":5,"name":"Needles","parent_id":6798,"full_path_taxonomy_ids":[562,6246,6455,6798,7033]},{"id":7035,"level":5,"name":"Pins","parent_id":6798,"full_path_taxonomy_ids":[562,6246,6455,6798,7035]},{"id":9203,"level":5,"name":"Pin & Needle Accessories","parent_id":6798,"full_path_taxonomy_ids":[562,6246,6455,6798,9203]},{"id":7041,"level":5,"name":"Rings","parent_id":6814,"full_path_taxonomy_ids":[562,6246,6455,6814,7041]},{"id":7042,"level":5,"name":"Handles","parent_id":6814,"full_path_taxonomy_ids":[562,6246,6455,6814,7042]},{"id":7043,"level":5,"name":"Bag Frames","parent_id":6814,"full_path_taxonomy_ids":[562,6246,6455,6814,7043]},{"id":7044,"level":5,"name":"Feet","parent_id":6814,"full_path_taxonomy_ids":[562,6246,6455,6814,7044]},{"id":6265,"level":5,"name":"Shoe Lasts","parent_id":9197,"full_path_taxonomy_ids":[562,6246,6455,9197,6265]},{"id":6395,"level":5,"name":"Shoe Laces","parent_id":9197,"full_path_taxonomy_ids":[562,6246,6455,9197,6395]},{"id":9198,"level":5,"name":"Insoles","parent_id":9197,"full_path_taxonomy_ids":[562,6246,6455,9197,9198]},{"id":9199,"level":5,"name":"Soles","parent_id":9197,"full_path_taxonomy_ids":[562,6246,6455,9197,9199]},{"id":9200,"level":5,"name":"Heels","parent_id":9197,"full_path_taxonomy_ids":[562,6246,6455,9197,9200]},{"id":9201,"level":5,"name":"Toe & Heel Plates","parent_id":9197,"full_path_taxonomy_ids":[562,6246,6455,9197,9201]},{"id":7045,"level":5,"name":"Photo Albums","parent_id":6838,"full_path_taxonomy_ids":[562,6217,6597,6838,7045]},{"id":7046,"level":5,"name":"Baby Books","parent_id":6838,"full_path_taxonomy_ids":[562,6217,6597,6838,7046]},{"id":7047,"level":5,"name":"Autograph Books","parent_id":6838,"full_path_taxonomy_ids":[562,6217,6597,6838,7047]},{"id":7048,"level":5,"name":"Album Refills","parent_id":6838,"full_path_taxonomy_ids":[562,6217,6597,6838,7048]},{"id":7049,"level":5,"name":"Page Protectors","parent_id":6838,"full_path_taxonomy_ids":[562,6217,6597,6838,7049]},{"id":6818,"level":5,"name":"Canvas Rolls","parent_id":6465,"full_path_taxonomy_ids":[562,6217,6252,6465,6818]},{"id":6819,"level":5,"name":"Twist Turn Locks","parent_id":6469,"full_path_taxonomy_ids":[562,6219,6275,6469,6819]},{"id":6820,"level":5,"name":"Thumb Locks","parent_id":6469,"full_path_taxonomy_ids":[562,6219,6275,6469,6820]},{"id":6821,"level":5,"name":"Tuck Locks","parent_id":6469,"full_path_taxonomy_ids":[562,6219,6275,6469,6821]},{"id":6824,"level":5,"name":"Fondant","parent_id":6510,"full_path_taxonomy_ids":[562,6221,6303,6510,6824]},{"id":6825,"level":5,"name":"Pastry Bags","parent_id":6511,"full_path_taxonomy_ids":[562,6221,6303,6511,6825]},{"id":6826,"level":5,"name":"Frosting Tips","parent_id":6511,"full_path_taxonomy_ids":[562,6221,6303,6511,6826]},{"id":6827,"level":5,"name":"Icing Tubes & Pens","parent_id":6511,"full_path_taxonomy_ids":[562,6221,6303,6511,6827]},{"id":9122,"level":5,"name":"Cake Toppers","parent_id":9121,"full_path_taxonomy_ids":[562,6221,6303,9121,9122]},{"id":9123,"level":5,"name":"Picks","parent_id":9121,"full_path_taxonomy_ids":[562,6221,6303,9121,9123]},{"id":6828,"level":5,"name":"Scobies","parent_id":6518,"full_path_taxonomy_ids":[562,6221,6304,6518,6828]},{"id":6829,"level":5,"name":"Kefir","parent_id":6518,"full_path_taxonomy_ids":[562,6221,6304,6518,6829]},{"id":6830,"level":5,"name":"Rennet","parent_id":6518,"full_path_taxonomy_ids":[562,6221,6304,6518,6830]},{"id":6831,"level":5,"name":"Rubber Cement","parent_id":6543,"full_path_taxonomy_ids":[562,6223,6307,6543,6831]},{"id":6832,"level":5,"name":"Wire Cutters","parent_id":6559,"full_path_taxonomy_ids":[562,6224,6318,6559,6832]},{"id":6833,"level":5,"name":"Rotary Cutters","parent_id":6559,"full_path_taxonomy_ids":[562,6224,6318,6559,6833]},{"id":6834,"level":5,"name":"Glass Cutting Tools","parent_id":6559,"full_path_taxonomy_ids":[562,6224,6318,6559,6834]},{"id":6835,"level":5,"name":"Clay Cutters","parent_id":6559,"full_path_taxonomy_ids":[562,6224,6318,6559,6835]},{"id":6836,"level":5,"name":"Paper Cutters","parent_id":6559,"full_path_taxonomy_ids":[562,6224,6318,6559,6836]},{"id":6568,"level":5,"name":"Light Sockets","parent_id":6337,"full_path_taxonomy_ids":[562,9139,6226,6337,6568]},{"id":6569,"level":5,"name":"Plugs & Cords","parent_id":6337,"full_path_taxonomy_ids":[562,9139,6226,6337,6569]},{"id":6570,"level":5,"name":"Light Bulbs","parent_id":6337,"full_path_taxonomy_ids":[562,9139,6226,6337,6570]},{"id":6571,"level":5,"name":"Shades","parent_id":6337,"full_path_taxonomy_ids":[562,9139,6226,6337,6571]},{"id":6572,"level":5,"name":"Lamp Bases & Parts","parent_id":6337,"full_path_taxonomy_ids":[562,9139,6226,6337,6572]},{"id":6573,"level":5,"name":"Switches","parent_id":6337,"full_path_taxonomy_ids":[562,9139,6226,6337,6573]},{"id":6861,"level":5,"name":"Dried Flowers","parent_id":6619,"full_path_taxonomy_ids":[562,6230,6348,6619,6861]},{"id":6862,"level":5,"name":"Artificial Flowers","parent_id":6619,"full_path_taxonomy_ids":[562,6230,6348,6619,6862]},{"id":6863,"level":5,"name":"Fruits & Vegetables","parent_id":6625,"full_path_taxonomy_ids":[562,6230,6348,6625,6863]},{"id":6864,"level":5,"name":"Animals","parent_id":6625,"full_path_taxonomy_ids":[562,6230,6348,6625,6864]},{"id":6865,"level":5,"name":"Figures","parent_id":6625,"full_path_taxonomy_ids":[562,6230,6348,6625,6865]},{"id":6866,"level":5,"name":"Architecture & Structures","parent_id":6625,"full_path_taxonomy_ids":[562,6230,6348,6625,6866]},{"id":6882,"level":5,"name":"Bushes & Trees","parent_id":6628,"full_path_taxonomy_ids":[562,6230,6349,6628,6882]},{"id":6883,"level":5,"name":"Leaves & Thorns","parent_id":6628,"full_path_taxonomy_ids":[562,6230,6349,6628,6883]},{"id":6884,"level":5,"name":"Reeds & Canes","parent_id":6628,"full_path_taxonomy_ids":[562,6230,6349,6628,6884]},{"id":6885,"level":5,"name":"Straw","parent_id":6628,"full_path_taxonomy_ids":[562,6230,6349,6628,6885]},{"id":6886,"level":5,"name":"Pine Needles","parent_id":6628,"full_path_taxonomy_ids":[562,6230,6349,6628,6886]},{"id":6887,"level":5,"name":"Cones & Nuts","parent_id":6628,"full_path_taxonomy_ids":[562,6230,6349,6628,6887]},{"id":6891,"level":5,"name":"Wreaths","parent_id":6628,"full_path_taxonomy_ids":[562,6230,6349,6628,6891]},{"id":6892,"level":5,"name":"Garlands","parent_id":6628,"full_path_taxonomy_ids":[562,6230,6349,6628,6892]},{"id":9324,"level":5,"name":"Corn Husks","parent_id":6628,"full_path_taxonomy_ids":[562,6230,6349,6628,9324]},{"id":6667,"level":5,"name":"Jars","parent_id":6370,"full_path_taxonomy_ids":[562,6233,6372,6370,6667]},{"id":6668,"level":5,"name":"Bottles","parent_id":6370,"full_path_taxonomy_ids":[562,6233,6372,6370,6668]},{"id":6669,"level":5,"name":"Cans & Canisters","parent_id":6370,"full_path_taxonomy_ids":[562,6233,6372,6370,6669]},{"id":6670,"level":5,"name":"Lids, Rings & Caps","parent_id":6370,"full_path_taxonomy_ids":[562,6233,6372,6370,6670]},{"id":6671,"level":5,"name":"Boxes","parent_id":6371,"full_path_taxonomy_ids":[562,6233,6372,6371,6671]},{"id":6672,"level":5,"name":"Bins","parent_id":6371,"full_path_taxonomy_ids":[562,6233,6372,6371,6672]},{"id":6673,"level":5,"name":"Baskets","parent_id":6371,"full_path_taxonomy_ids":[562,6233,6372,6371,6673]},{"id":6698,"level":5,"name":"Pricking Irons","parent_id":6682,"full_path_taxonomy_ids":[562,6235,6396,6682,6698]},{"id":6699,"level":5,"name":"Pricking Wheels","parent_id":6682,"full_path_taxonomy_ids":[562,6235,6396,6682,6699]},{"id":6700,"level":5,"name":"Edge Bevelers","parent_id":6682,"full_path_taxonomy_ids":[562,6235,6396,6682,6700]},{"id":6906,"level":5,"name":"Awls","parent_id":6682,"full_path_taxonomy_ids":[562,6235,6396,6682,6906]},{"id":6907,"level":5,"name":"Chisels","parent_id":6682,"full_path_taxonomy_ids":[562,6235,6396,6682,6907]},{"id":6908,"level":5,"name":"Picks","parent_id":6682,"full_path_taxonomy_ids":[562,6235,6396,6682,6908]},{"id":6909,"level":5,"name":"Scrapers","parent_id":6682,"full_path_taxonomy_ids":[562,6235,6396,6682,6909]},{"id":6910,"level":5,"name":"Styluses","parent_id":6682,"full_path_taxonomy_ids":[562,6235,6396,6682,6910]},{"id":6955,"level":5,"name":"Creasers","parent_id":6682,"full_path_taxonomy_ids":[562,6235,6396,6682,6955]},{"id":6703,"level":5,"name":"Weights","parent_id":6687,"full_path_taxonomy_ids":[562,6235,6396,6687,6703]},{"id":6915,"level":5,"name":"Levels","parent_id":6687,"full_path_taxonomy_ids":[562,6235,6396,6687,6915]},{"id":6916,"level":5,"name":"Rulers & Yardsticks","parent_id":6687,"full_path_taxonomy_ids":[562,6235,6396,6687,6916]},{"id":6917,"level":5,"name":"Tape Measures","parent_id":6687,"full_path_taxonomy_ids":[562,6235,6396,6687,6917]},{"id":6918,"level":5,"name":"Jewelry Sizers","parent_id":6687,"full_path_taxonomy_ids":[562,6235,6396,6687,6918]},{"id":6919,"level":5,"name":"Calipers","parent_id":6687,"full_path_taxonomy_ids":[562,6235,6396,6687,6919]},{"id":6920,"level":5,"name":"Dividers & Compasses","parent_id":6687,"full_path_taxonomy_ids":[562,6235,6396,6687,6920]},{"id":6921,"level":5,"name":"Scales","parent_id":6687,"full_path_taxonomy_ids":[562,6235,6396,6687,6921]},{"id":6922,"level":5,"name":"Thermometers","parent_id":6687,"full_path_taxonomy_ids":[562,6235,6396,6687,6922]},{"id":6923,"level":5,"name":"Stitch Counters","parent_id":6687,"full_path_taxonomy_ids":[562,6235,6396,6687,6923]},{"id":6924,"level":5,"name":"Measuring Grids","parent_id":6687,"full_path_taxonomy_ids":[562,6235,6396,6687,6924]},{"id":6925,"level":5,"name":"Needle Gauges","parent_id":6687,"full_path_taxonomy_ids":[562,6235,6396,6687,6925]},{"id":6926,"level":5,"name":"T-Squares","parent_id":6687,"full_path_taxonomy_ids":[562,6235,6396,6687,6926]},{"id":6927,"level":5,"name":"Protractors","parent_id":6687,"full_path_taxonomy_ids":[562,6235,6396,6687,6927]},{"id":6928,"level":5,"name":"Triangles","parent_id":6687,"full_path_taxonomy_ids":[562,6235,6396,6687,6928]},{"id":6929,"level":5,"name":"Corner Squares","parent_id":6687,"full_path_taxonomy_ids":[562,6235,6396,6687,6929]},{"id":6930,"level":5,"name":"Shims","parent_id":6687,"full_path_taxonomy_ids":[562,6235,6396,6687,6930]},{"id":6931,"level":5,"name":"Pliers","parent_id":6689,"full_path_taxonomy_ids":[562,6235,6396,6689,6931]},{"id":6932,"level":5,"name":"Tweezers","parent_id":6689,"full_path_taxonomy_ids":[562,6235,6396,6689,6932]},{"id":6933,"level":5,"name":"Pinchers","parent_id":6689,"full_path_taxonomy_ids":[562,6235,6396,6689,6933]},{"id":6934,"level":5,"name":"Hemostats","parent_id":6689,"full_path_taxonomy_ids":[562,6235,6396,6689,6934]},{"id":6935,"level":5,"name":"Tongs","parent_id":6689,"full_path_taxonomy_ids":[562,6235,6396,6689,6935]},{"id":6936,"level":5,"name":"Adjustable Wrenches","parent_id":6691,"full_path_taxonomy_ids":[562,6235,6396,6691,6936]},{"id":6937,"level":5,"name":"Combo Wrenches","parent_id":6691,"full_path_taxonomy_ids":[562,6235,6396,6691,6937]},{"id":6938,"level":5,"name":"Sockets","parent_id":6691,"full_path_taxonomy_ids":[562,6235,6396,6691,6938]},{"id":6939,"level":5,"name":"Ratchets","parent_id":6691,"full_path_taxonomy_ids":[562,6235,6396,6691,6939]},{"id":6688,"level":5,"name":"Planers & Jointers","parent_id":6692,"full_path_taxonomy_ids":[562,6235,6396,6692,6688]},{"id":6940,"level":5,"name":"Files","parent_id":6692,"full_path_taxonomy_ids":[562,6235,6396,6692,6940]},{"id":6941,"level":5,"name":"Sanders","parent_id":6692,"full_path_taxonomy_ids":[562,6235,6396,6692,6941]},{"id":6942,"level":5,"name":"Sandpaper","parent_id":6692,"full_path_taxonomy_ids":[562,6235,6396,6692,6942]},{"id":6943,"level":5,"name":"Polishers","parent_id":6692,"full_path_taxonomy_ids":[562,6235,6396,6692,6943]},{"id":6705,"level":5,"name":"Tubing & Siphons","parent_id":6694,"full_path_taxonomy_ids":[562,6235,6396,6694,6705]},{"id":6944,"level":5,"name":"Pumps","parent_id":6694,"full_path_taxonomy_ids":[562,6235,6396,6694,6944]},{"id":6945,"level":5,"name":"Caulking Guns","parent_id":6694,"full_path_taxonomy_ids":[562,6235,6396,6694,6945]},{"id":6946,"level":5,"name":"Ball Brause Sprinklers","parent_id":6694,"full_path_taxonomy_ids":[562,6235,6396,6694,6946]},{"id":6947,"level":5,"name":"Clay Extruders","parent_id":6694,"full_path_taxonomy_ids":[562,6235,6396,6694,6947]},{"id":6948,"level":5,"name":"Slab Rollers","parent_id":6695,"full_path_taxonomy_ids":[562,6235,6396,6695,6948]},{"id":6949,"level":5,"name":"Seam Rollers","parent_id":6695,"full_path_taxonomy_ids":[562,6235,6396,6695,6949]},{"id":6951,"level":5,"name":"Brayers","parent_id":6695,"full_path_taxonomy_ids":[562,6235,6396,6695,6951]},{"id":6952,"level":5,"name":"Slotted Tools","parent_id":6695,"full_path_taxonomy_ids":[562,6235,6396,6695,6952]},{"id":6953,"level":5,"name":"Felting Rollers","parent_id":6695,"full_path_taxonomy_ids":[562,6235,6396,6695,6953]},{"id":6956,"level":5,"name":"Bone Folders","parent_id":6695,"full_path_taxonomy_ids":[562,6235,6396,6695,6956]},{"id":6957,"level":5,"name":"Burnishers","parent_id":6695,"full_path_taxonomy_ids":[562,6235,6396,6695,6957]},{"id":6958,"level":5,"name":"Spindles","parent_id":6696,"full_path_taxonomy_ids":[562,6235,6396,6696,6958]},{"id":6959,"level":5,"name":"Nostepinnes","parent_id":6696,"full_path_taxonomy_ids":[562,6235,6396,6696,6959]},{"id":6960,"level":5,"name":"Niddy Noddies","parent_id":6696,"full_path_taxonomy_ids":[562,6235,6396,6696,6960]},{"id":6961,"level":5,"name":"Ball Winders","parent_id":6696,"full_path_taxonomy_ids":[562,6235,6396,6696,6961]},{"id":6962,"level":5,"name":"Yarn Swifts","parent_id":6696,"full_path_taxonomy_ids":[562,6235,6396,6696,6962]},{"id":9184,"level":5,"name":"Cone Holders","parent_id":6696,"full_path_taxonomy_ids":[562,6235,6396,6696,9184]},{"id":6683,"level":5,"name":"Clamps & Vises","parent_id":6697,"full_path_taxonomy_ids":[562,6235,6396,6697,6683]},{"id":6684,"level":5,"name":"Hammers","parent_id":6697,"full_path_taxonomy_ids":[562,6235,6396,6697,6684]},{"id":6685,"level":5,"name":"Mallets","parent_id":6697,"full_path_taxonomy_ids":[562,6235,6396,6697,6685]},{"id":6686,"level":5,"name":"Mauls","parent_id":6697,"full_path_taxonomy_ids":[562,6235,6396,6697,6686]},{"id":6690,"level":5,"name":"Screwdrivers","parent_id":6697,"full_path_taxonomy_ids":[562,6235,6396,6697,6690]},{"id":6954,"level":5,"name":"Bead Rollers","parent_id":6697,"full_path_taxonomy_ids":[562,6235,6396,6697,6954]},{"id":6963,"level":5,"name":"Drills","parent_id":6697,"full_path_taxonomy_ids":[562,6235,6396,6697,6963]},{"id":6964,"level":5,"name":"Soldering Guns & Irons","parent_id":6697,"full_path_taxonomy_ids":[562,6235,6396,6697,6964]},{"id":6965,"level":5,"name":"Nailers & Nail Guns","parent_id":6697,"full_path_taxonomy_ids":[562,6235,6396,6697,6965]},{"id":6966,"level":5,"name":"Tack Removers","parent_id":6697,"full_path_taxonomy_ids":[562,6235,6396,6697,6966]},{"id":6967,"level":5,"name":"Staplers & Staple Guns","parent_id":6697,"full_path_taxonomy_ids":[562,6235,6396,6697,6967]},{"id":6968,"level":5,"name":"Seam Stretchers","parent_id":6697,"full_path_taxonomy_ids":[562,6235,6396,6697,6968]},{"id":9116,"level":5,"name":"Glue Guns","parent_id":6697,"full_path_taxonomy_ids":[562,6235,6396,6697,9116]},{"id":9333,"level":5,"name":"Rivet Setters","parent_id":6697,"full_path_taxonomy_ids":[562,6235,6396,6697,9333]},{"id":6709,"level":5,"name":"Annealing Pans","parent_id":6710,"full_path_taxonomy_ids":[562,6235,6396,6710,6709]},{"id":6969,"level":5,"name":"Ribbon Burners","parent_id":6710,"full_path_taxonomy_ids":[562,6235,6396,6710,6969]},{"id":6970,"level":5,"name":"Hand Torches","parent_id":6710,"full_path_taxonomy_ids":[562,6235,6396,6710,6970]},{"id":6971,"level":5,"name":"Branding Irons","parent_id":6710,"full_path_taxonomy_ids":[562,6235,6396,6710,6971]},{"id":6972,"level":5,"name":"Torching Baskets","parent_id":6710,"full_path_taxonomy_ids":[562,6235,6396,6710,6972]},{"id":6973,"level":5,"name":"Marvers","parent_id":6710,"full_path_taxonomy_ids":[562,6235,6396,6710,6973]},{"id":9335,"level":5,"name":"Pyrography Pens","parent_id":6710,"full_path_taxonomy_ids":[562,6235,6396,6710,9335]},{"id":6974,"level":5,"name":"Latch Hooks","parent_id":6711,"full_path_taxonomy_ids":[562,6235,6396,6711,6974]},{"id":6975,"level":5,"name":"Carving Hooks","parent_id":6711,"full_path_taxonomy_ids":[562,6235,6396,6711,6975]},{"id":6976,"level":5,"name":"Crochet Hooks","parent_id":6711,"full_path_taxonomy_ids":[562,6235,6396,6711,6976]},{"id":6977,"level":5,"name":"Heddle Hooks","parent_id":6711,"full_path_taxonomy_ids":[562,6235,6396,6711,6977]},{"id":6704,"level":5,"name":"Anvils","parent_id":6712,"full_path_taxonomy_ids":[562,6235,6396,6712,6704]},{"id":6978,"level":5,"name":"Pushers","parent_id":6712,"full_path_taxonomy_ids":[562,6235,6396,6712,6978]},{"id":6979,"level":5,"name":"Millgrain Tools","parent_id":6712,"full_path_taxonomy_ids":[562,6235,6396,6712,6979]},{"id":6701,"level":5,"name":"Rakes & Combs","parent_id":9321,"full_path_taxonomy_ids":[562,6235,6396,9321,6701]},{"id":6706,"level":5,"name":"Hand & Drum Carders","parent_id":9321,"full_path_taxonomy_ids":[562,6235,6396,9321,6706]},{"id":6707,"level":5,"name":"Washboards","parent_id":9321,"full_path_taxonomy_ids":[562,6235,6396,9321,6707]},{"id":6708,"level":5,"name":"Felting Stones","parent_id":9321,"full_path_taxonomy_ids":[562,6235,6396,9321,6708]},{"id":6950,"level":5,"name":"Squeegees","parent_id":9321,"full_path_taxonomy_ids":[562,6235,6396,9321,6950]},{"id":9334,"level":5,"name":"Tapestry Beaters","parent_id":9321,"full_path_taxonomy_ids":[562,6235,6396,9321,9334]},{"id":9755,"level":5,"name":"Felting Mats","parent_id":9321,"full_path_taxonomy_ids":[562,6235,6396,9321,9755]},{"id":6981,"level":5,"name":"Heddles","parent_id":6715,"full_path_taxonomy_ids":[562,6235,6398,6715,6981]},{"id":6982,"level":5,"name":"Shuttles","parent_id":6715,"full_path_taxonomy_ids":[562,6235,6398,6715,6982]},{"id":6983,"level":5,"name":"Knitting Looms","parent_id":6715,"full_path_taxonomy_ids":[562,6235,6398,6715,6983]},{"id":6984,"level":5,"name":"Weaving Cards","parent_id":6715,"full_path_taxonomy_ids":[562,6235,6398,6715,6984]},{"id":6985,"level":5,"name":"Bead Looms","parent_id":6715,"full_path_taxonomy_ids":[562,6235,6398,6715,6985]},{"id":6986,"level":5,"name":"Warping Tools","parent_id":6715,"full_path_taxonomy_ids":[562,6235,6398,6715,6986]},{"id":6988,"level":5,"name":"Embroidery Machines","parent_id":6717,"full_path_taxonomy_ids":[562,6235,6398,6717,6988]},{"id":6989,"level":5,"name":"Sewing Machines","parent_id":6717,"full_path_taxonomy_ids":[562,6235,6398,6717,6989]},{"id":6990,"level":5,"name":"Knitting Machines","parent_id":6717,"full_path_taxonomy_ids":[562,6235,6398,6717,6990]},{"id":6991,"level":5,"name":"Felting Machines","parent_id":6717,"full_path_taxonomy_ids":[562,6235,6398,6717,6991]},{"id":6992,"level":5,"name":"Drill Bits","parent_id":6730,"full_path_taxonomy_ids":[562,6235,6399,6730,6992]},{"id":6993,"level":5,"name":"Rotary Discs","parent_id":6730,"full_path_taxonomy_ids":[562,6235,6399,6730,6993]},{"id":6994,"level":5,"name":"Burs","parent_id":6730,"full_path_taxonomy_ids":[562,6235,6399,6730,6994]},{"id":9185,"level":5,"name":"Sewing Machine Parts","parent_id":6730,"full_path_taxonomy_ids":[562,6235,6399,6730,9185]},{"id":9187,"level":5,"name":"Dies","parent_id":6730,"full_path_taxonomy_ids":[562,6235,6399,6730,9187]},{"id":7004,"level":5,"name":"Circuit Boards","parent_id":6733,"full_path_taxonomy_ids":[562,6235,6399,6733,7004]},{"id":1697,"level":5,"name":"Camera Straps","parent_id":869,"full_path_taxonomy_ids":[825,865,866,869,1697]},{"id":1698,"level":5,"name":"Camera Strap Covers","parent_id":869,"full_path_taxonomy_ids":[825,865,866,869,1698]},{"id":2204,"level":5,"name":"Chocolate Spoons","parent_id":953,"full_path_taxonomy_ids":[891,930,951,953,2204]},{"id":2205,"level":5,"name":"Hot Chocolate","parent_id":953,"full_path_taxonomy_ids":[891,930,951,953,2205]},{"id":2311,"level":5,"name":"Turkish Coffee Sets","parent_id":1909,"full_path_taxonomy_ids":[891,1031,894,1909,2311]},{"id":2312,"level":5,"name":"Pour Over & Drippers","parent_id":1909,"full_path_taxonomy_ids":[891,1031,894,1909,2312]},{"id":2313,"level":5,"name":"Percolators","parent_id":1909,"full_path_taxonomy_ids":[891,1031,894,1909,2313]},{"id":2314,"level":5,"name":"Coffee Machines","parent_id":1909,"full_path_taxonomy_ids":[891,1031,894,1909,2314]},{"id":2315,"level":5,"name":"Espresso Makers","parent_id":1909,"full_path_taxonomy_ids":[891,1031,894,1909,2315]},{"id":2340,"level":5,"name":"Coffee Grinders","parent_id":1909,"full_path_taxonomy_ids":[891,1031,894,1909,2340]},{"id":1932,"level":5,"name":"Teapots","parent_id":1910,"full_path_taxonomy_ids":[891,1031,894,1910,1932]},{"id":1933,"level":5,"name":"Kettles","parent_id":1910,"full_path_taxonomy_ids":[891,1031,894,1910,1933]},{"id":6493,"level":5,"name":"Spatulas","parent_id":1036,"full_path_taxonomy_ids":[891,1031,1033,1036,6493]},{"id":6494,"level":5,"name":"Measuring Cups & Spoons","parent_id":1036,"full_path_taxonomy_ids":[891,1031,1033,1036,6494]},{"id":6495,"level":5,"name":"Mixers & Whisks","parent_id":1036,"full_path_taxonomy_ids":[891,1031,1033,1036,6495]},{"id":6496,"level":5,"name":"Mixer Attachments","parent_id":1036,"full_path_taxonomy_ids":[891,1031,1033,1036,6496]},{"id":6497,"level":5,"name":"Mixing Spoons","parent_id":1036,"full_path_taxonomy_ids":[891,1031,1033,1036,6497]},{"id":6498,"level":5,"name":"Cookie Cutters","parent_id":1036,"full_path_taxonomy_ids":[891,1031,1033,1036,6498]},{"id":6499,"level":5,"name":"Rolling Pins","parent_id":1036,"full_path_taxonomy_ids":[891,1031,1033,1036,6499]},{"id":6500,"level":5,"name":"Mashers & Pounders","parent_id":1036,"full_path_taxonomy_ids":[891,1031,1033,1036,6500]},{"id":6501,"level":5,"name":"Muddlers","parent_id":1036,"full_path_taxonomy_ids":[891,1031,1033,1036,6501]},{"id":6502,"level":5,"name":"Strainers","parent_id":1036,"full_path_taxonomy_ids":[891,1031,1033,1036,6502]},{"id":6503,"level":5,"name":"Graters","parent_id":1036,"full_path_taxonomy_ids":[891,1031,1033,1036,6503]},{"id":6504,"level":5,"name":"Scoops","parent_id":1036,"full_path_taxonomy_ids":[891,1031,1033,1036,6504]},{"id":6505,"level":5,"name":"Funnels","parent_id":1036,"full_path_taxonomy_ids":[891,1031,1033,1036,6505]},{"id":6506,"level":5,"name":"Ladles","parent_id":1036,"full_path_taxonomy_ids":[891,1031,1033,1036,6506]},{"id":6507,"level":5,"name":"Paddles","parent_id":1036,"full_path_taxonomy_ids":[891,1031,1033,1036,6507]},{"id":6508,"level":5,"name":"Kitchen Tongs","parent_id":1036,"full_path_taxonomy_ids":[891,1031,1033,1036,6508]},{"id":2325,"level":5,"name":"Cutlery","parent_id":1037,"full_path_taxonomy_ids":[891,1031,1033,1037,2325]},{"id":2326,"level":5,"name":"Knives","parent_id":1037,"full_path_taxonomy_ids":[891,1031,1033,1037,2326]},{"id":1946,"level":5,"name":"Pots","parent_id":1039,"full_path_taxonomy_ids":[891,1031,1033,1039,1946]},{"id":1947,"level":5,"name":"Pans","parent_id":1039,"full_path_taxonomy_ids":[891,1031,1033,1039,1947]},{"id":1948,"level":5,"name":"Pot & Pan Sets","parent_id":1039,"full_path_taxonomy_ids":[891,1031,1033,1039,1948]},{"id":2294,"level":5,"name":"Woks","parent_id":1039,"full_path_taxonomy_ids":[891,1031,1033,1039,2294]},{"id":2296,"level":5,"name":"Lids","parent_id":1039,"full_path_taxonomy_ids":[891,1031,1033,1039,2296]},{"id":6069,"level":5,"name":"Trivets","parent_id":1042,"full_path_taxonomy_ids":[891,1031,1033,1042,6069]},{"id":6070,"level":5,"name":"Pot Holders","parent_id":1042,"full_path_taxonomy_ids":[891,1031,1033,1042,6070]},{"id":1045,"level":5,"name":"Butter Dishes","parent_id":1051,"full_path_taxonomy_ids":[891,1031,1043,1051,1045]},{"id":2639,"level":5,"name":"Gravy Boats","parent_id":1051,"full_path_taxonomy_ids":[891,1031,1043,1051,2639]},{"id":2640,"level":5,"name":"Sugar Bowls & Creamers","parent_id":1051,"full_path_taxonomy_ids":[891,1031,1043,1051,2640]},{"id":2537,"level":5,"name":"Trays","parent_id":1053,"full_path_taxonomy_ids":[891,1031,1043,1053,2537]},{"id":2538,"level":5,"name":"Platters","parent_id":1053,"full_path_taxonomy_ids":[891,1031,1043,1053,2538]},{"id":6084,"level":5,"name":"Snack Sets","parent_id":1053,"full_path_taxonomy_ids":[891,1031,1043,1053,6084]},{"id":12213,"level":5,"name":"Cheese & Charcuterie Boards","parent_id":1053,"full_path_taxonomy_ids":[891,1031,1043,1053,12213]},{"id":1056,"level":5,"name":"Pint Glasses","parent_id":1862,"full_path_taxonomy_ids":[891,1031,1054,1862,1056]},{"id":1060,"level":5,"name":"Coasters","parent_id":1862,"full_path_taxonomy_ids":[891,1031,1054,1862,1060]},{"id":1062,"level":5,"name":"Mugs","parent_id":1862,"full_path_taxonomy_ids":[891,1031,1054,1862,1062]},{"id":1063,"level":5,"name":"Cozies","parent_id":1862,"full_path_taxonomy_ids":[891,1031,1054,1862,1063]},{"id":1067,"level":5,"name":"Pitchers & Drinking Sets","parent_id":1862,"full_path_taxonomy_ids":[891,1031,1054,1862,1067]},{"id":1069,"level":5,"name":"Tea Cups & Sets","parent_id":1862,"full_path_taxonomy_ids":[891,1031,1054,1862,1069]},{"id":1070,"level":5,"name":"Water Bottles","parent_id":1862,"full_path_taxonomy_ids":[891,1031,1054,1862,1070]},{"id":1071,"level":5,"name":"Tumblers & Water Glasses","parent_id":1862,"full_path_taxonomy_ids":[891,1031,1054,1862,1071]},{"id":1880,"level":5,"name":"Punch Bowls & Sets","parent_id":1862,"full_path_taxonomy_ids":[891,1031,1054,1862,1880]},{"id":2663,"level":5,"name":"Juice Sets & Carafes","parent_id":1862,"full_path_taxonomy_ids":[891,1031,1054,1862,2663]},{"id":12225,"level":5,"name":"Water Pots","parent_id":1862,"full_path_taxonomy_ids":[891,1031,1054,1862,12225]},{"id":1055,"level":5,"name":"Bar Carts & Bars","parent_id":1863,"full_path_taxonomy_ids":[891,1031,1054,1863,1055]},{"id":1057,"level":5,"name":"Bottle Openers","parent_id":1863,"full_path_taxonomy_ids":[891,1031,1054,1863,1057]},{"id":1058,"level":5,"name":"Bottle Stoppers","parent_id":1863,"full_path_taxonomy_ids":[891,1031,1054,1863,1058]},{"id":1059,"level":5,"name":"Champagne & Coupe Glasses","parent_id":1863,"full_path_taxonomy_ids":[891,1031,1054,1863,1059]},{"id":1061,"level":5,"name":"Cocktail Shakers","parent_id":1863,"full_path_taxonomy_ids":[891,1031,1054,1863,1061]},{"id":1064,"level":5,"name":"Decanters","parent_id":1863,"full_path_taxonomy_ids":[891,1031,1054,1863,1064]},{"id":1065,"level":5,"name":"Ice Buckets","parent_id":1863,"full_path_taxonomy_ids":[891,1031,1054,1863,1065]},{"id":1066,"level":5,"name":"Martini & Cocktail Glasses","parent_id":1863,"full_path_taxonomy_ids":[891,1031,1054,1863,1066]},{"id":1068,"level":5,"name":"Shot Glasses","parent_id":1863,"full_path_taxonomy_ids":[891,1031,1054,1863,1068]},{"id":1072,"level":5,"name":"Wine Glasses & Charms","parent_id":1863,"full_path_taxonomy_ids":[891,1031,1054,1863,1072]},{"id":1861,"level":5,"name":"Steins","parent_id":1863,"full_path_taxonomy_ids":[891,1031,1054,1863,1861]},{"id":11274,"level":5,"name":"Flasks","parent_id":1863,"full_path_taxonomy_ids":[891,1031,1054,1863,11274]},{"id":12149,"level":5,"name":"Drink Flights","parent_id":1863,"full_path_taxonomy_ids":[891,1031,1054,1863,12149]},{"id":1944,"level":5,"name":"Centerpieces","parent_id":1074,"full_path_taxonomy_ids":[891,1031,1073,1074,1944]},{"id":6059,"level":5,"name":"Cookie Jars","parent_id":1077,"full_path_taxonomy_ids":[891,1031,1076,1077,6059]},{"id":6083,"level":5,"name":"Canister Sets","parent_id":1077,"full_path_taxonomy_ids":[891,1031,1076,1077,6083]},{"id":1080,"level":5,"name":"Wine Racks","parent_id":1889,"full_path_taxonomy_ids":[891,1031,1076,1889,1080]},{"id":1890,"level":5,"name":"Beer Caddies","parent_id":1889,"full_path_taxonomy_ids":[891,1031,1076,1889,1890]},{"id":2922,"level":5,"name":"Recipe Boxes","parent_id":2921,"full_path_taxonomy_ids":[891,1031,1076,2921,2922]},{"id":2923,"level":5,"name":"Recipe Stands","parent_id":2921,"full_path_taxonomy_ids":[891,1031,1076,2921,2923]},{"id":1864,"level":5,"name":"Tea Towels","parent_id":1083,"full_path_taxonomy_ids":[891,1031,1081,1083,1864]},{"id":1945,"level":5,"name":"Table Runners","parent_id":1085,"full_path_taxonomy_ids":[891,1031,1081,1085,1945]},{"id":1952,"level":5,"name":"Placemats","parent_id":1085,"full_path_taxonomy_ids":[891,1031,1081,1085,1952]},{"id":1953,"level":5,"name":"Napkins","parent_id":1085,"full_path_taxonomy_ids":[891,1031,1081,1085,1953]},{"id":1954,"level":5,"name":"Tablecloths","parent_id":1085,"full_path_taxonomy_ids":[891,1031,1081,1085,1954]},{"id":1955,"level":5,"name":"Sets","parent_id":1085,"full_path_taxonomy_ids":[891,1031,1081,1085,1955]},{"id":11355,"level":5,"name":"Console & Sofa Tables","parent_id":994,"full_path_taxonomy_ids":[891,967,989,994,11355]},{"id":11356,"level":5,"name":"TV Stands & Media Centers","parent_id":994,"full_path_taxonomy_ids":[891,967,989,994,11356]},{"id":2213,"level":5,"name":"Candelabras","parent_id":2212,"full_path_taxonomy_ids":[891,1002,1004,2212,2213]},{"id":2214,"level":5,"name":"Candlestick Holders","parent_id":2212,"full_path_taxonomy_ids":[891,1002,1004,2212,2214]},{"id":2786,"level":5,"name":"Bowls","parent_id":2212,"full_path_taxonomy_ids":[891,1002,1004,2212,2786]},{"id":2787,"level":5,"name":"Chandeliers","parent_id":2212,"full_path_taxonomy_ids":[891,1002,1004,2212,2787]},{"id":2788,"level":5,"name":"Sconces","parent_id":2212,"full_path_taxonomy_ids":[891,1002,1004,2212,2788]},{"id":2789,"level":5,"name":"Lanterns","parent_id":2212,"full_path_taxonomy_ids":[891,1002,1004,2212,2789]},{"id":2790,"level":5,"name":"Hurricanes","parent_id":2212,"full_path_taxonomy_ids":[891,1002,1004,2212,2790]},{"id":2792,"level":5,"name":"Candle Warmers","parent_id":2212,"full_path_taxonomy_ids":[891,1002,1004,2212,2792]},{"id":2793,"level":5,"name":"Salt Lamps","parent_id":2212,"full_path_taxonomy_ids":[891,1002,1004,2212,2793]},{"id":1005,"level":5,"name":"Container Candles","parent_id":2791,"full_path_taxonomy_ids":[891,1002,1004,2791,1005]},{"id":1006,"level":5,"name":"Flameless Candles","parent_id":2791,"full_path_taxonomy_ids":[891,1002,1004,2791,1006]},{"id":1009,"level":5,"name":"Pillar Candles","parent_id":2791,"full_path_taxonomy_ids":[891,1002,1004,2791,1009]},{"id":1010,"level":5,"name":"Taper Candles","parent_id":2791,"full_path_taxonomy_ids":[891,1002,1004,2791,1010]},{"id":1011,"level":5,"name":"Tea Lights","parent_id":2791,"full_path_taxonomy_ids":[891,1002,1004,2791,1011]},{"id":1012,"level":5,"name":"Votive Candles","parent_id":2791,"full_path_taxonomy_ids":[891,1002,1004,2791,1012]},{"id":11299,"level":5,"name":"Collage Frames","parent_id":2279,"full_path_taxonomy_ids":[891,1002,1024,2279,11299]},{"id":1986,"level":5,"name":"Murals","parent_id":1028,"full_path_taxonomy_ids":[891,1002,1027,1028,1986]},{"id":1987,"level":5,"name":"Quotations","parent_id":1028,"full_path_taxonomy_ids":[891,1002,1027,1028,1987]},{"id":1988,"level":5,"name":"Shapes","parent_id":1028,"full_path_taxonomy_ids":[891,1002,1027,1028,1988]},{"id":2844,"level":5,"name":"Signs","parent_id":1029,"full_path_taxonomy_ids":[891,1002,1027,1029,2844]},{"id":12109,"level":5,"name":"Tapestries","parent_id":1029,"full_path_taxonomy_ids":[891,1002,1027,1029,12109]},{"id":7056,"level":5,"name":"Nuts","parent_id":10804,"full_path_taxonomy_ids":[891,779,10799,10804,7056]},{"id":7057,"level":5,"name":"Bolts","parent_id":10804,"full_path_taxonomy_ids":[891,779,10799,10804,7057]},{"id":1871,"level":5,"name":"Caskets","parent_id":1870,"full_path_taxonomy_ids":[891,1135,1869,1870,1871]},{"id":1872,"level":5,"name":"Urns","parent_id":1870,"full_path_taxonomy_ids":[891,1135,1869,1870,1872]},{"id":2868,"level":5,"name":"Garden Gnomes","parent_id":2867,"full_path_taxonomy_ids":[891,1105,1110,2867,2868]},{"id":2173,"level":5,"name":"Bows","parent_id":1255,"full_path_taxonomy_ids":[1250,1251,1254,1255,2173]},{"id":2174,"level":5,"name":"Ribbon","parent_id":1255,"full_path_taxonomy_ids":[1250,1251,1254,1255,2174]},{"id":6604,"level":5,"name":"Gift Wrap","parent_id":1260,"full_path_taxonomy_ids":[1250,1251,1254,1260,6604]},{"id":6605,"level":5,"name":"Furoshiki","parent_id":1260,"full_path_taxonomy_ids":[1250,1251,1254,1260,6605]},{"id":6851,"level":5,"name":"Party Favor Bags","parent_id":6607,"full_path_taxonomy_ids":[1250,1251,1254,6607,6851]},{"id":6852,"level":5,"name":"Gift Bags","parent_id":6607,"full_path_taxonomy_ids":[1250,1251,1254,6607,6852]},{"id":6853,"level":5,"name":"Merchandise Bags","parent_id":6607,"full_path_taxonomy_ids":[1250,1251,1254,6607,6853]},{"id":1273,"level":5,"name":"Christmas Cards","parent_id":1272,"full_path_taxonomy_ids":[1250,1251,1261,1272,1273]},{"id":1274,"level":5,"name":"Easter Cards","parent_id":1272,"full_path_taxonomy_ids":[1250,1251,1261,1272,1274]},{"id":1275,"level":5,"name":"Hanukkah Cards","parent_id":1272,"full_path_taxonomy_ids":[1250,1251,1261,1272,1275]},{"id":1276,"level":5,"name":"Patriotism & Independence Cards","parent_id":1272,"full_path_taxonomy_ids":[1250,1251,1261,1272,1276]},{"id":1277,"level":5,"name":"Religious Events Cards","parent_id":1272,"full_path_taxonomy_ids":[1250,1251,1261,1272,1277]},{"id":1278,"level":5,"name":"Thanksgiving Cards","parent_id":1272,"full_path_taxonomy_ids":[1250,1251,1261,1272,1278]},{"id":1279,"level":5,"name":"Valentines Cards","parent_id":1272,"full_path_taxonomy_ids":[1250,1251,1261,1272,1279]},{"id":2177,"level":5,"name":"Wedding Cards","parent_id":1288,"full_path_taxonomy_ids":[1250,1251,1261,1288,2177]},{"id":2178,"level":5,"name":"Engagement Cards","parent_id":1288,"full_path_taxonomy_ids":[1250,1251,1261,1288,2178]},{"id":2179,"level":5,"name":"Wedding Shower Cards","parent_id":1288,"full_path_taxonomy_ids":[1250,1251,1261,1288,2179]},{"id":1874,"level":5,"name":"Templates","parent_id":1305,"full_path_taxonomy_ids":[1250,1251,1303,1305,1874]},{"id":1875,"level":5,"name":"Graphic Design","parent_id":1305,"full_path_taxonomy_ids":[1250,1251,1303,1305,1875]},{"id":6845,"level":5,"name":"Bubble Wrap","parent_id":6603,"full_path_taxonomy_ids":[1250,1251,6339,6603,6845]},{"id":6846,"level":5,"name":"Packing Peanuts","parent_id":6603,"full_path_taxonomy_ids":[1250,1251,6339,6603,6846]},{"id":6847,"level":5,"name":"Stuffing & Shredded Packaging","parent_id":6603,"full_path_taxonomy_ids":[1250,1251,6339,6603,6847]},{"id":6335,"level":5,"name":"Lanterns","parent_id":1342,"full_path_taxonomy_ids":[1250,1330,1331,1342,6335]},{"id":6336,"level":5,"name":"String Lights","parent_id":1342,"full_path_taxonomy_ids":[1250,1330,1331,1342,6336]},{"id":2102,"level":5,"name":"Place Cards","parent_id":1344,"full_path_taxonomy_ids":[1250,1330,1331,1344,2102]},{"id":2103,"level":5,"name":"Place Card Holders","parent_id":1344,"full_path_taxonomy_ids":[1250,1330,1331,1344,2103]},{"id":1345,"level":5,"name":"Straws","parent_id":1346,"full_path_taxonomy_ids":[1250,1330,1331,1346,1345]},{"id":6854,"level":5,"name":"Cups","parent_id":1346,"full_path_taxonomy_ids":[1250,1330,1331,1346,6854]},{"id":6855,"level":5,"name":"Plates","parent_id":1346,"full_path_taxonomy_ids":[1250,1330,1331,1346,6855]},{"id":6856,"level":5,"name":"Cutlery","parent_id":1346,"full_path_taxonomy_ids":[1250,1330,1331,1346,6856]},{"id":6858,"level":5,"name":"Napkins","parent_id":1346,"full_path_taxonomy_ids":[1250,1330,1331,1346,6858]},{"id":6859,"level":5,"name":"Runners & Tablecloths","parent_id":1346,"full_path_taxonomy_ids":[1250,1330,1331,1346,6859]},{"id":1989,"level":5,"name":"Ice Skates","parent_id":1482,"full_path_taxonomy_ids":[1429,1458,1477,1482,1989]},{"id":1990,"level":5,"name":"Roller Skates","parent_id":1482,"full_path_taxonomy_ids":[1429,1458,1477,1482,1990]},{"id":1991,"level":5,"name":"Roller Blades","parent_id":1482,"full_path_taxonomy_ids":[1429,1458,1477,1482,1991]},{"id":1812,"level":5,"name":"Rain Boots","parent_id":1517,"full_path_taxonomy_ids":[1429,1512,1513,1517,1812]},{"id":1813,"level":5,"name":"Winter Boots","parent_id":1517,"full_path_taxonomy_ids":[1429,1512,1513,1517,1813]},{"id":2148,"level":5,"name":"Ice Skates","parent_id":1549,"full_path_taxonomy_ids":[1429,1512,1542,1549,2148]},{"id":2149,"level":5,"name":"Roller Skates","parent_id":1549,"full_path_taxonomy_ids":[1429,1512,1542,1549,2149]},{"id":2150,"level":5,"name":"Roller Blades","parent_id":1549,"full_path_taxonomy_ids":[1429,1512,1542,1549,2150]},{"id":2387,"level":5,"name":"Mahjong","parent_id":2352,"full_path_taxonomy_ids":[1552,1553,1556,2352,2387]},{"id":2393,"level":5,"name":"Dominoes","parent_id":2352,"full_path_taxonomy_ids":[1552,1553,1556,2352,2393]},{"id":2653,"level":5,"name":"Yoga","parent_id":2652,"full_path_taxonomy_ids":[1552,1560,1568,2652,2653]},{"id":2654,"level":5,"name":"Pilates","parent_id":2652,"full_path_taxonomy_ids":[1552,1560,1568,2652,2654]},{"id":6072,"level":5,"name":"Holsters","parent_id":2354,"full_path_taxonomy_ids":[1552,1560,1571,2354,6072]},{"id":1588,"level":5,"name":"Coats","parent_id":1587,"full_path_taxonomy_ids":[1552,1580,1584,1587,1588]},{"id":1589,"level":5,"name":"Dresses","parent_id":1587,"full_path_taxonomy_ids":[1552,1580,1584,1587,1589]},{"id":1590,"level":5,"name":"Hats","parent_id":1587,"full_path_taxonomy_ids":[1552,1580,1584,1587,1590]},{"id":1591,"level":5,"name":"Jackets","parent_id":1587,"full_path_taxonomy_ids":[1552,1580,1584,1587,1591]},{"id":1592,"level":5,"name":"Jewelry","parent_id":1587,"full_path_taxonomy_ids":[1552,1580,1584,1587,1592]},{"id":1593,"level":5,"name":"Legwear","parent_id":1587,"full_path_taxonomy_ids":[1552,1580,1584,1587,1593]},{"id":1594,"level":5,"name":"Pants","parent_id":1587,"full_path_taxonomy_ids":[1552,1580,1584,1587,1594]},{"id":1595,"level":5,"name":"Purses","parent_id":1587,"full_path_taxonomy_ids":[1552,1580,1584,1587,1595]},{"id":1596,"level":5,"name":"Scarves","parent_id":1587,"full_path_taxonomy_ids":[1552,1580,1584,1587,1596]},{"id":1597,"level":5,"name":"Shirts","parent_id":1587,"full_path_taxonomy_ids":[1552,1580,1584,1587,1597]},{"id":1598,"level":5,"name":"Shorts","parent_id":1587,"full_path_taxonomy_ids":[1552,1580,1584,1587,1598]},{"id":1599,"level":5,"name":"Skirts","parent_id":1587,"full_path_taxonomy_ids":[1552,1580,1584,1587,1599]},{"id":1600,"level":5,"name":"Sleepwear","parent_id":1587,"full_path_taxonomy_ids":[1552,1580,1584,1587,1600]},{"id":1601,"level":5,"name":"Socks","parent_id":1587,"full_path_taxonomy_ids":[1552,1580,1584,1587,1601]},{"id":1602,"level":5,"name":"Sweaters","parent_id":1587,"full_path_taxonomy_ids":[1552,1580,1584,1587,1602]},{"id":1603,"level":5,"name":"Underwear","parent_id":1587,"full_path_taxonomy_ids":[1552,1580,1584,1587,1603]},{"id":2930,"level":5,"name":"Reborn Dolls","parent_id":1607,"full_path_taxonomy_ids":[1552,1580,1584,1607,2930]},{"id":2908,"level":5,"name":"Tambourines","parent_id":2410,"full_path_taxonomy_ids":[1552,1580,1630,2410,2908]},{"id":1802,"level":5,"name":"Wreaths","parent_id":1645,"full_path_taxonomy_ids":[1633,1634,1638,1645,1802]},{"id":1803,"level":5,"name":"Tiaras","parent_id":1645,"full_path_taxonomy_ids":[1633,1634,1638,1645,1803]},{"id":6093,"level":5,"name":"Unity Candles","parent_id":1787,"full_path_taxonomy_ids":[1633,1657,1661,1787,6093]},{"id":6094,"level":5,"name":"Unity Candle Holders","parent_id":1788,"full_path_taxonomy_ids":[1633,1657,1661,1788,6094]},{"id":2928,"level":5,"name":"Table Numbers","parent_id":2855,"full_path_taxonomy_ids":[1633,1657,2819,2855,2928]}]