[{"id":1,"level":1,"name":"Accessories","parent_id":null,"full_path_taxonomy_ids":[1]},{"id":66,"level":1,"name":"Art & Collectibles","parent_id":null,"full_path_taxonomy_ids":[66]},{"id":132,"level":1,"name":"Bags & Purses","parent_id":null,"full_path_taxonomy_ids":[132]},{"id":199,"level":1,"name":"Bath & Beauty","parent_id":null,"full_path_taxonomy_ids":[199]},{"id":323,"level":1,"name":"Books, Movies & Music","parent_id":null,"full_path_taxonomy_ids":[323]},{"id":374,"level":1,"name":"Clothing","parent_id":null,"full_path_taxonomy_ids":[374]},{"id":562,"level":1,"name":"Craft Supplies & Tools","parent_id":null,"full_path_taxonomy_ids":[562]},{"id":825,"level":1,"name":"Electronics & Accessories","parent_id":null,"full_path_taxonomy_ids":[825]},{"id":891,"level":1,"name":"Home & Living","parent_id":null,"full_path_taxonomy_ids":[891]},{"id":1179,"level":1,"name":"Jewelry","parent_id":null,"full_path_taxonomy_ids":[1179]},{"id":1250,"level":1,"name":"Paper & Party Supplies","parent_id":null,"full_path_taxonomy_ids":[1250]},{"id":1351,"level":1,"name":"Pet Supplies","parent_id":null,"full_path_taxonomy_ids":[1351]},{"id":1429,"level":1,"name":"Shoes","parent_id":null,"full_path_taxonomy_ids":[1429]},{"id":1552,"level":1,"name":"Toys & Games","parent_id":null,"full_path_taxonomy_ids":[1552]},{"id":1633,"level":1,"name":"Weddings","parent_id":null,"full_path_taxonomy_ids":[1633]}]