[{"id":7058,"level":6,"name":"Yarn Needles","parent_id":7033,"full_path_taxonomy_ids":[562,6246,6455,6798,7033,7058]},{"id":7059,"level":6,"name":"Punch Needles","parent_id":7033,"full_path_taxonomy_ids":[562,6246,6455,6798,7033,7059]},{"id":7060,"level":6,"name":"Rug Needles","parent_id":7033,"full_path_taxonomy_ids":[562,6246,6455,6798,7033,7060]},{"id":7061,"level":6,"name":"Knitting Needles","parent_id":7033,"full_path_taxonomy_ids":[562,6246,6455,6798,7033,7061]},{"id":9202,"level":6,"name":"Hand Needles","parent_id":7033,"full_path_taxonomy_ids":[562,6246,6455,6798,7033,9202]},{"id":7030,"level":6,"name":"Safety Pins","parent_id":7035,"full_path_taxonomy_ids":[562,6246,6455,6798,7035,7030]},{"id":7036,"level":6,"name":"Bar Pins","parent_id":7035,"full_path_taxonomy_ids":[562,6246,6455,6798,7035,7036]},{"id":7063,"level":6,"name":"T-Pins","parent_id":7035,"full_path_taxonomy_ids":[562,6246,6455,6798,7035,7063]},{"id":7064,"level":6,"name":"Ball Point Pins","parent_id":7035,"full_path_taxonomy_ids":[562,6246,6455,6798,7035,7064]},{"id":7065,"level":6,"name":"Fork Pins","parent_id":7035,"full_path_taxonomy_ids":[562,6246,6455,6798,7035,7065]},{"id":7066,"level":6,"name":"Eye Pins","parent_id":7035,"full_path_taxonomy_ids":[562,6246,6455,6798,7035,7066]},{"id":7067,"level":6,"name":"Head Pins","parent_id":7035,"full_path_taxonomy_ids":[562,6246,6455,6798,7035,7067]},{"id":7068,"level":6,"name":"Sequin Pins","parent_id":7035,"full_path_taxonomy_ids":[562,6246,6455,6798,7035,7068]},{"id":6807,"level":6,"name":"Point Protectors","parent_id":9203,"full_path_taxonomy_ids":[562,6246,6455,6798,9203,6807]},{"id":7029,"level":6,"name":"Pincushions","parent_id":9203,"full_path_taxonomy_ids":[562,6246,6455,6798,9203,7029]},{"id":7032,"level":6,"name":"Needle Threaders","parent_id":9203,"full_path_taxonomy_ids":[562,6246,6455,6798,9203,7032]},{"id":7034,"level":6,"name":"Thimbles","parent_id":9203,"full_path_taxonomy_ids":[562,6246,6455,6798,9203,7034]},{"id":7037,"level":6,"name":"Needle Minders","parent_id":9203,"full_path_taxonomy_ids":[562,6246,6455,6798,9203,7037]},{"id":7038,"level":6,"name":"Needle Cases","parent_id":9203,"full_path_taxonomy_ids":[562,6246,6455,6798,9203,7038]},{"id":7050,"level":6,"name":"Pine Cones","parent_id":6887,"full_path_taxonomy_ids":[562,6230,6349,6628,6887,7050]},{"id":7051,"level":6,"name":"Nuts","parent_id":6887,"full_path_taxonomy_ids":[562,6230,6349,6628,6887,7051]},{"id":6894,"level":6,"name":"Canning Jars","parent_id":6667,"full_path_taxonomy_ids":[562,6233,6372,6370,6667,6894]},{"id":6895,"level":6,"name":"Squeeze Bottles","parent_id":6668,"full_path_taxonomy_ids":[562,6233,6372,6370,6668,6895]},{"id":6896,"level":6,"name":"Carboys","parent_id":6668,"full_path_taxonomy_ids":[562,6233,6372,6370,6668,6896]},{"id":6897,"level":6,"name":"Cans","parent_id":6669,"full_path_taxonomy_ids":[562,6233,6372,6370,6669,6897]},{"id":6898,"level":6,"name":"Canisters","parent_id":6669,"full_path_taxonomy_ids":[562,6233,6372,6370,6669,6898]},{"id":6899,"level":6,"name":"Bottle Caps","parent_id":6670,"full_path_taxonomy_ids":[562,6233,6372,6370,6670,6899]},{"id":6900,"level":6,"name":"Lids","parent_id":6670,"full_path_taxonomy_ids":[562,6233,6372,6370,6670,6900]},{"id":6901,"level":6,"name":"Jar Rings","parent_id":6670,"full_path_taxonomy_ids":[562,6233,6372,6370,6670,6901]},{"id":6902,"level":6,"name":"Corks","parent_id":6670,"full_path_taxonomy_ids":[562,6233,6372,6370,6670,6902]},{"id":6903,"level":6,"name":"Tool Boxes","parent_id":6671,"full_path_taxonomy_ids":[562,6233,6372,6371,6671,6903]},{"id":6904,"level":6,"name":"Hat Boxes","parent_id":6671,"full_path_taxonomy_ids":[562,6233,6372,6371,6671,6904]},{"id":9329,"level":6,"name":"Rulers","parent_id":6916,"full_path_taxonomy_ids":[562,6235,6396,6687,6916,9329]},{"id":9330,"level":6,"name":"Yardsticks","parent_id":6916,"full_path_taxonomy_ids":[562,6235,6396,6687,6916,9330]},{"id":6911,"level":6,"name":"Clamps","parent_id":6683,"full_path_taxonomy_ids":[562,6235,6396,6697,6683,6911]},{"id":6912,"level":6,"name":"Vises","parent_id":6683,"full_path_taxonomy_ids":[562,6235,6396,6697,6683,6912]},{"id":6913,"level":6,"name":"Jigs","parent_id":6683,"full_path_taxonomy_ids":[562,6235,6396,6697,6683,6913]},{"id":6914,"level":6,"name":"Mandrels","parent_id":6683,"full_path_taxonomy_ids":[562,6235,6396,6697,6683,6914]},{"id":9331,"level":6,"name":"Staplers","parent_id":6967,"full_path_taxonomy_ids":[562,6235,6396,6697,6967,9331]},{"id":9332,"level":6,"name":"Staple Guns","parent_id":6967,"full_path_taxonomy_ids":[562,6235,6396,6697,6967,9332]},{"id":7053,"level":6,"name":"Warping Boards","parent_id":6986,"full_path_taxonomy_ids":[562,6235,6398,6715,6986,7053]},{"id":7054,"level":6,"name":"Warping Pegs","parent_id":6986,"full_path_taxonomy_ids":[562,6235,6398,6715,6986,7054]},{"id":7055,"level":6,"name":"Warping Mills","parent_id":6986,"full_path_taxonomy_ids":[562,6235,6398,6715,6986,7055]},{"id":6822,"level":6,"name":"Cheesecloth","parent_id":6502,"full_path_taxonomy_ids":[891,1031,1033,1036,6502,6822]},{"id":6823,"level":6,"name":"Sifters","parent_id":6502,"full_path_taxonomy_ids":[891,1031,1033,1036,6502,6823]},{"id":2286,"level":6,"name":"Stockpots","parent_id":1946,"full_path_taxonomy_ids":[891,1031,1033,1039,1946,2286]},{"id":2289,"level":6,"name":"Double Boilers","parent_id":1946,"full_path_taxonomy_ids":[891,1031,1033,1039,1946,2289]},{"id":2290,"level":6,"name":"Dutch Ovens","parent_id":1946,"full_path_taxonomy_ids":[891,1031,1033,1039,1946,2290]},{"id":2292,"level":6,"name":"Fondue Sets","parent_id":1946,"full_path_taxonomy_ids":[891,1031,1033,1039,1946,2292]},{"id":2299,"level":6,"name":"Pressure Cookers","parent_id":1946,"full_path_taxonomy_ids":[891,1031,1033,1039,1946,2299]},{"id":6487,"level":6,"name":"Boilers & Kettles","parent_id":1946,"full_path_taxonomy_ids":[891,1031,1033,1039,1946,6487]},{"id":6488,"level":6,"name":"Pouring Pots","parent_id":1946,"full_path_taxonomy_ids":[891,1031,1033,1039,1946,6488]},{"id":2287,"level":6,"name":"Skillets","parent_id":1947,"full_path_taxonomy_ids":[891,1031,1033,1039,1947,2287]},{"id":2288,"level":6,"name":"Saucepans","parent_id":1947,"full_path_taxonomy_ids":[891,1031,1033,1039,1947,2288]},{"id":2291,"level":6,"name":"Roasting Pans","parent_id":1947,"full_path_taxonomy_ids":[891,1031,1033,1039,1947,2291]},{"id":2293,"level":6,"name":"Griddles","parent_id":1947,"full_path_taxonomy_ids":[891,1031,1033,1039,1947,2293]},{"id":2298,"level":6,"name":"Saut\u00e9 Pans","parent_id":1947,"full_path_taxonomy_ids":[891,1031,1033,1039,1947,2298]},{"id":2641,"level":6,"name":"Sugar Bowls","parent_id":2640,"full_path_taxonomy_ids":[891,1031,1043,1051,2640,2641]},{"id":2642,"level":6,"name":"Creamers","parent_id":2640,"full_path_taxonomy_ids":[891,1031,1043,1051,2640,2642]},{"id":2643,"level":6,"name":"Sets","parent_id":2640,"full_path_taxonomy_ids":[891,1031,1043,1051,2640,2643]},{"id":2927,"level":6,"name":"Honey Pots","parent_id":2640,"full_path_taxonomy_ids":[891,1031,1043,1051,2640,2927]},{"id":11275,"level":6,"name":"Travel Mugs","parent_id":1062,"full_path_taxonomy_ids":[891,1031,1054,1862,1062,11275]},{"id":1881,"level":6,"name":"Tea Cozies","parent_id":1063,"full_path_taxonomy_ids":[891,1031,1054,1862,1063,1881]},{"id":1938,"level":6,"name":"Pitchers","parent_id":1067,"full_path_taxonomy_ids":[891,1031,1054,1862,1067,1938]},{"id":1939,"level":6,"name":"Pitcher Sets","parent_id":1067,"full_path_taxonomy_ids":[891,1031,1054,1862,1067,1939]},{"id":1942,"level":6,"name":"Tea Cups","parent_id":1069,"full_path_taxonomy_ids":[891,1031,1054,1862,1069,1942]},{"id":1943,"level":6,"name":"Tea Sets","parent_id":1069,"full_path_taxonomy_ids":[891,1031,1054,1862,1069,1943]},{"id":1940,"level":6,"name":"Punch Bowls","parent_id":1880,"full_path_taxonomy_ids":[891,1031,1054,1862,1880,1940]},{"id":1941,"level":6,"name":"Punch Bowl Sets","parent_id":1880,"full_path_taxonomy_ids":[891,1031,1054,1862,1880,1941]},{"id":2664,"level":6,"name":"Juice Glasses","parent_id":2663,"full_path_taxonomy_ids":[891,1031,1054,1862,2663,2664]},{"id":2665,"level":6,"name":"Carafes","parent_id":2663,"full_path_taxonomy_ids":[891,1031,1054,1862,2663,2665]},{"id":2666,"level":6,"name":"Juice Sets","parent_id":2663,"full_path_taxonomy_ids":[891,1031,1054,1862,2663,2666]},{"id":2667,"level":6,"name":"Juicers","parent_id":2663,"full_path_taxonomy_ids":[891,1031,1054,1862,2663,2667]},{"id":1934,"level":6,"name":"Champagne Glasses","parent_id":1059,"full_path_taxonomy_ids":[891,1031,1054,1863,1059,1934]},{"id":1935,"level":6,"name":"Coupe Glasses","parent_id":1059,"full_path_taxonomy_ids":[891,1031,1054,1863,1059,1935]},{"id":1949,"level":6,"name":"Martini Glasses","parent_id":1066,"full_path_taxonomy_ids":[891,1031,1054,1863,1066,1949]},{"id":1950,"level":6,"name":"Julep Cups","parent_id":1066,"full_path_taxonomy_ids":[891,1031,1054,1863,1066,1950]},{"id":1951,"level":6,"name":"Margarita Glasses","parent_id":1066,"full_path_taxonomy_ids":[891,1031,1054,1863,1066,1951]},{"id":1936,"level":6,"name":"Wine Charms","parent_id":1072,"full_path_taxonomy_ids":[891,1031,1054,1863,1072,1936]},{"id":1937,"level":6,"name":"Wine Glasses","parent_id":1072,"full_path_taxonomy_ids":[891,1031,1054,1863,1072,1937]},{"id":2845,"level":6,"name":"Address Signs","parent_id":2844,"full_path_taxonomy_ids":[891,1002,1027,1029,2844,2845]},{"id":12108,"level":6,"name":"Letter Boards & Accessories","parent_id":2844,"full_path_taxonomy_ids":[891,1002,1027,1029,2844,12108]},{"id":12110,"level":6,"name":"Marquee Letters & Signs","parent_id":2844,"full_path_taxonomy_ids":[891,1002,1027,1029,2844,12110]},{"id":1876,"level":6,"name":"R\u00e9sum\u00e9 Templates","parent_id":1874,"full_path_taxonomy_ids":[1250,1251,1303,1305,1874,1876]},{"id":2818,"level":6,"name":"Website Templates","parent_id":1874,"full_path_taxonomy_ids":[1250,1251,1303,1305,1874,2818]},{"id":769,"level":6,"name":"Store Graphics","parent_id":1875,"full_path_taxonomy_ids":[1250,1251,1303,1305,1875,769]},{"id":1877,"level":6,"name":"Logos & Branding","parent_id":1875,"full_path_taxonomy_ids":[1250,1251,1303,1305,1875,1877]},{"id":1878,"level":6,"name":"Letterhead Designs","parent_id":1875,"full_path_taxonomy_ids":[1250,1251,1303,1305,1875,1878]}]