{"count":248,"results":[{"country_id":55,"iso_country_code":"AF","world_bank_country_code":"AFG","name":"Afghanistan","slug":"afghanistan","lat":33.78,"lon":66.17},{"country_id":306,"iso_country_code":"AX","world_bank_country_code":"ALA","name":"\u00c5land Islands","slug":"aland-islands","lat":null,"lon":null},{"country_id":57,"iso_country_code":"AL","world_bank_country_code":"ALB","name":"Albania","slug":"albania","lat":41.14,"lon":20.26},{"country_id":95,"iso_country_code":"DZ","world_bank_country_code":"DZA","name":"Algeria","slug":"algeria","lat":28.14,"lon":2.83},{"country_id":250,"iso_country_code":"AS","world_bank_country_code":"ASM","name":"American Samoa","slug":"american-samoa","lat":null,"lon":null},{"country_id":228,"iso_country_code":"AD","world_bank_country_code":"AND","name":"Andorra","slug":"andorra","lat":null,"lon":null},{"country_id":56,"iso_country_code":"AO","world_bank_country_code":"AGO","name":"Angola","slug":"angola","lat":-12.36,"lon":17.74},{"country_id":251,"iso_country_code":"AI","world_bank_country_code":"AIA","name":"Anguilla","slug":"anguilla","lat":null,"lon":null},{"country_id":252,"iso_country_code":"AG","world_bank_country_code":"ATG","name":"Antigua and Barbuda","slug":"antigua-and-barbuda","lat":null,"lon":null},{"country_id":59,"iso_country_code":"AR","world_bank_country_code":"ARG","name":"Argentina","slug":"argentina","lat":-35.39,"lon":-64.92},{"country_id":60,"iso_country_code":"AM","world_bank_country_code":"ARM","name":"Armenia","slug":"armenia","lat":40.31,"lon":45.22},{"country_id":253,"iso_country_code":"AW","world_bank_country_code":"ABW","name":"Aruba","slug":"aruba","lat":null,"lon":null},{"country_id":61,"iso_country_code":"AU","world_bank_country_code":"AUS","name":"Australia","slug":"australia","lat":-25.85,"lon":134.61},{"country_id":62,"iso_country_code":"AT","world_bank_country_code":"AUT","name":"Austria","slug":"austria","lat":47.6,"lon":14.32},{"country_id":63,"iso_country_code":"AZ","world_bank_country_code":"AZE","name":"Azerbaijan","slug":"azerbaijan","lat":40.27,"lon":47.82},{"country_id":229,"iso_country_code":"BS","world_bank_country_code":"BHS","name":"Bahamas","slug":"bahamas","lat":null,"lon":null},{"country_id":232,"iso_country_code":"BH","world_bank_country_code":"BHR","name":"Bahrain","slug":"bahrain","lat":null,"lon":null},{"country_id":68,"iso_country_code":"BD","world_bank_country_code":"BGD","name":"Bangladesh","slug":"bangladesh","lat":23.81,"lon":90.42},{"country_id":237,"iso_country_code":"BB","world_bank_country_code":"BRB","name":"Barbados","slug":"barbados","lat":null,"lon":null},{"country_id":71,"iso_country_code":"BY","world_bank_country_code":"BLR","name":"Belarus","slug":"belarus","lat":53.55,"lon":28.23},{"country_id":65,"iso_country_code":"BE","world_bank_country_code":"BEL","name":"Belgium","slug":"belgium","lat":50.66,"lon":4.83},{"country_id":72,"iso_country_code":"BZ","world_bank_country_code":"BLZ","name":"Belize","slug":"belize","lat":17.22,"lon":-88.53},{"country_id":66,"iso_country_code":"BJ","world_bank_country_code":"BEN","name":"Benin","slug":"benin","lat":9.62,"lon":2.55},{"country_id":225,"iso_country_code":"BM","world_bank_country_code":"BMU","name":"Bermuda","slug":"bermuda","lat":32.4,"lon":64.7},{"country_id":76,"iso_country_code":"BT","world_bank_country_code":"BTN","name":"Bhutan","slug":"bhutan","lat":27.4,"lon":90.58},{"country_id":73,"iso_country_code":"BO","world_bank_country_code":"BOL","name":"Bolivia","slug":"bolivia","lat":-16.73,"lon":-64.44},{"country_id":70,"iso_country_code":"BA","world_bank_country_code":"BIH","name":"Bosnia and Herzegovina","slug":"bosnia-and-herzegovina","lat":44.18,"lon":17.99},{"country_id":77,"iso_country_code":"BW","world_bank_country_code":"BWA","name":"Botswana","slug":"botswana","lat":-22.26,"lon":23.96},{"country_id":254,"iso_country_code":"BV","world_bank_country_code":"BVT","name":"Bouvet Island","slug":"bouvet-island","lat":null,"lon":null},{"country_id":74,"iso_country_code":"BR","world_bank_country_code":"BRA","name":"Brazil","slug":"brazil","lat":-10.83,"lon":-52.87},{"country_id":255,"iso_country_code":"IO","world_bank_country_code":"IOT","name":"British Indian Ocean Territory","slug":"british-indian-ocean-territory","lat":null,"lon":null},{"country_id":231,"iso_country_code":"VG","world_bank_country_code":"BVI","name":"British Virgin Islands","slug":"british-virgin-islands","lat":null,"lon":null},{"country_id":75,"iso_country_code":"BN","world_bank_country_code":"BRN","name":"Brunei","slug":"brunei","lat":4.48,"lon":114.86},{"country_id":69,"iso_country_code":"BG","world_bank_country_code":"BGR","name":"Bulgaria","slug":"bulgaria","lat":42.79,"lon":25.35},{"country_id":67,"iso_country_code":"BF","world_bank_country_code":"BFA","name":"Burkina Faso","slug":"burkina-faso","lat":12.27,"lon":-1.54},{"country_id":64,"iso_country_code":"BI","world_bank_country_code":"BDI","name":"Burundi","slug":"burundi","lat":-3.51,"lon":30.07},{"country_id":135,"iso_country_code":"KH","world_bank_country_code":"KHM","name":"Cambodia","slug":"cambodia","lat":12.69,"lon":105.04},{"country_id":84,"iso_country_code":"CM","world_bank_country_code":"CMR","name":"Cameroon","slug":"cameroon","lat":5.68,"lon":12.92},{"country_id":79,"iso_country_code":"CA","world_bank_country_code":"CAN","name":"Canada","slug":"canada","lat":55.379110448011,"lon":-106.259765625},{"country_id":222,"iso_country_code":"CV","world_bank_country_code":"CPV","name":"Cape Verde","slug":"cape-verde","lat":14.9,"lon":23.5},{"country_id":247,"iso_country_code":"KY","world_bank_country_code":"KTD","name":"Cayman Islands","slug":"cayman-islands","lat":null,"lon":null},{"country_id":78,"iso_country_code":"CF","world_bank_country_code":"CAF","name":"Central African Republic","slug":"central-african-republic","lat":6.5,"lon":20.6},{"country_id":196,"iso_country_code":"TD","world_bank_country_code":"TCD","name":"Chad","slug":"chad","lat":15.31,"lon":18.81},{"country_id":81,"iso_country_code":"CL","world_bank_country_code":"CHL","name":"Chile","slug":"chile","lat":-35.82,"lon":-70.89},{"country_id":82,"iso_country_code":"CN","world_bank_country_code":"CHN","name":"China","slug":"china","lat":36.59,"lon":103.94},{"country_id":257,"iso_country_code":"CX","world_bank_country_code":"CXR","name":"Christmas Island","slug":"christmas-island","lat":null,"lon":null},{"country_id":258,"iso_country_code":"CC","world_bank_country_code":"CCK","name":"Cocos (Keeling) Islands","slug":"cocos-keeling-islands","lat":null,"lon":null},{"country_id":86,"iso_country_code":"CO","world_bank_country_code":"COL","name":"Colombia","slug":"colombia","lat":3.88,"lon":-72.87},{"country_id":259,"iso_country_code":"KM","world_bank_country_code":"COM","name":"Comoros","slug":"comoros","lat":null,"lon":null},{"country_id":85,"iso_country_code":"CG","world_bank_country_code":"COG","name":"Congo, Republic of","slug":"congo-republic-of","lat":-0.88,"lon":15.34},{"country_id":260,"iso_country_code":"CK","world_bank_country_code":"COK","name":"Cook Islands","slug":"cook-islands","lat":null,"lon":null},{"country_id":87,"iso_country_code":"CR","world_bank_country_code":"CRI","name":"Costa Rica","slug":"costa-rica","lat":10.01,"lon":-83.95},{"country_id":118,"iso_country_code":"HR","world_bank_country_code":"HRV","name":"Croatia","slug":"croatia","lat":45.11,"lon":16.65},{"country_id":338,"iso_country_code":"CW","world_bank_country_code":"CUW","name":"Cura\u00e7ao","slug":"curacao","lat":12.1833,"lon":-69},{"country_id":89,"iso_country_code":"CY","world_bank_country_code":"CYP","name":"Cyprus","slug":"cyprus","lat":35.03,"lon":33.29},{"country_id":90,"iso_country_code":"CZ","world_bank_country_code":"CZE","name":"Czech Republic","slug":"czech-republic","lat":49.78,"lon":15.54},{"country_id":93,"iso_country_code":"DK","world_bank_country_code":"DNK","name":"Denmark","slug":"denmark","lat":56.11,"lon":9.97},{"country_id":92,"iso_country_code":"DJ","world_bank_country_code":"DJI","name":"Djibouti","slug":"djibouti","lat":11.7,"lon":42.78},{"country_id":261,"iso_country_code":"DM","world_bank_country_code":"DMA","name":"Dominica","slug":"dominica","lat":null,"lon":null},{"country_id":94,"iso_country_code":"DO","world_bank_country_code":"DOM","name":"Dominican Republic","slug":"dominican-republic","lat":18.95,"lon":-70.32},{"country_id":96,"iso_country_code":"EC","world_bank_country_code":"ECU","name":"Ecuador","slug":"ecuador","lat":-1.46,"lon":-78.19},{"country_id":97,"iso_country_code":"EG","world_bank_country_code":"EGY","name":"Egypt","slug":"egypt","lat":26.41,"lon":30.03},{"country_id":187,"iso_country_code":"SV","world_bank_country_code":"SLV","name":"El Salvador","slug":"el-salvador","lat":13.78,"lon":-88.68},{"country_id":111,"iso_country_code":"GQ","world_bank_country_code":"GNQ","name":"Equatorial Guinea","slug":"equatorial-guinea","lat":1.64,"lon":10.48},{"country_id":98,"iso_country_code":"ER","world_bank_country_code":"ERI","name":"Eritrea","slug":"eritrea","lat":15.26,"lon":39.17},{"country_id":100,"iso_country_code":"EE","world_bank_country_code":"EST","name":"Estonia","slug":"estonia","lat":58.63,"lon":25.99},{"country_id":101,"iso_country_code":"ET","world_bank_country_code":"ETH","name":"Ethiopia","slug":"ethiopia","lat":8.56,"lon":39.81},{"country_id":262,"iso_country_code":"FK","world_bank_country_code":"FLK","name":"Falkland Islands (Malvinas)","slug":"falkland-islands-malvinas","lat":null,"lon":null},{"country_id":241,"iso_country_code":"FO","world_bank_country_code":"FRO","name":"Faroe Islands","slug":"faroe-islands","lat":null,"lon":null},{"country_id":234,"iso_country_code":"FJ","world_bank_country_code":"FJI","name":"Fiji","slug":"fiji","lat":null,"lon":null},{"country_id":102,"iso_country_code":"FI","world_bank_country_code":"FIN","name":"Finland","slug":"finland","lat":64.43,"lon":26.45},{"country_id":103,"iso_country_code":"FR","world_bank_country_code":"FRA","name":"France","slug":"france","lat":46.53,"lon":2.72},{"country_id":115,"iso_country_code":"GF","world_bank_country_code":"GUF","name":"French Guiana","slug":"french-guiana","lat":3.86,"lon":-52.97},{"country_id":263,"iso_country_code":"PF","world_bank_country_code":"PYF","name":"French Polynesia","slug":"french-polynesia","lat":null,"lon":null},{"country_id":264,"iso_country_code":"TF","world_bank_country_code":"ATF","name":"French Southern Territories","slug":"french-southern-territories","lat":null,"lon":null},{"country_id":104,"iso_country_code":"GA","world_bank_country_code":"GAB","name":"Gabon","slug":"gabon","lat":-0.65,"lon":11.99},{"country_id":109,"iso_country_code":"GM","world_bank_country_code":"GMB","name":"Gambia","slug":"gambia","lat":13.46,"lon":-15.3},{"country_id":106,"iso_country_code":"GE","world_bank_country_code":"GEO","name":"Georgia","slug":"georgia","lat":42.18,"lon":43.77},{"country_id":91,"iso_country_code":"DE","world_bank_country_code":"DEU","name":"Germany","slug":"germany","lat":51.08,"lon":10.56},{"country_id":107,"iso_country_code":"GH","world_bank_country_code":"GHA","name":"Ghana","slug":"ghana","lat":7.94,"lon":-1.01},{"country_id":226,"iso_country_code":"GI","world_bank_country_code":"GIB","name":"Gibraltar","slug":"gibraltar","lat":null,"lon":null},{"country_id":112,"iso_country_code":"GR","world_bank_country_code":"GRC","name":"Greece","slug":"greece","lat":39.16,"lon":22.88},{"country_id":113,"iso_country_code":"GL","world_bank_country_code":"GRL","name":"Greenland","slug":"greenland","lat":74.7,"lon":-41.2},{"country_id":245,"iso_country_code":"GD","world_bank_country_code":"GRD","name":"Grenada","slug":"grenada","lat":null,"lon":null},{"country_id":265,"iso_country_code":"GP","world_bank_country_code":"GLP","name":"Guadeloupe","slug":"guadeloupe","lat":null,"lon":null},{"country_id":266,"iso_country_code":"GU","world_bank_country_code":"GUM","name":"Guam","slug":"guam","lat":null,"lon":null},{"country_id":114,"iso_country_code":"GT","world_bank_country_code":"GTM","name":"Guatemala","slug":"guatemala","lat":15.74,"lon":-90.18},{"country_id":305,"iso_country_code":"GG","world_bank_country_code":"GGY","name":"Guernsey","slug":"guernsey","lat":null,"lon":null},{"country_id":108,"iso_country_code":"GN","world_bank_country_code":"GIN","name":"Guinea","slug":"guinea","lat":10.4,"lon":-10.66},{"country_id":110,"iso_country_code":"GW","world_bank_country_code":"GNB","name":"Guinea-Bissau","slug":"guinea-bissau","lat":12.08,"lon":-14.64},{"country_id":116,"iso_country_code":"GY","world_bank_country_code":"GUY","name":"Guyana","slug":"guyana","lat":4.74,"lon":-58.7},{"country_id":119,"iso_country_code":"HT","world_bank_country_code":"HTI","name":"Haiti","slug":"haiti","lat":18.98,"lon":-72.49},{"country_id":267,"iso_country_code":"HM","world_bank_country_code":"HMD","name":"Heard Island and McDonald Islands","slug":"heard-island-and-mcdonald-islands","lat":null,"lon":null},{"country_id":268,"iso_country_code":"VA","world_bank_country_code":"VAT","name":"Holy See (Vatican City State)","slug":"holy-see-vatican-city-state","lat":null,"lon":null},{"country_id":117,"iso_country_code":"HN","world_bank_country_code":"HND","name":"Honduras","slug":"honduras","lat":14.84,"lon":-86.46},{"country_id":219,"iso_country_code":"HK","world_bank_country_code":"HKG","name":"Hong Kong","slug":"hong-kong","lat":22.2823,"lon":114.15},{"country_id":120,"iso_country_code":"HU","world_bank_country_code":"HUN","name":"Hungary","slug":"hungary","lat":47.21,"lon":19.61},{"country_id":126,"iso_country_code":"IS","world_bank_country_code":"ISL","name":"Iceland","slug":"iceland","lat":64.92,"lon":-18.3},{"country_id":122,"iso_country_code":"IN","world_bank_country_code":"IND","name":"India","slug":"india","lat":22.93,"lon":79.81},{"country_id":121,"iso_country_code":"ID","world_bank_country_code":"IDN","name":"Indonesia","slug":"indonesia","lat":-1.66,"lon":116.28},{"country_id":125,"iso_country_code":"IQ","world_bank_country_code":"IRQ","name":"Iraq","slug":"iraq","lat":32.95,"lon":43.99},{"country_id":123,"iso_country_code":"IE","world_bank_country_code":"IRL","name":"Ireland","slug":"ireland","lat":53.16,"lon":-7.96},{"country_id":269,"iso_country_code":"IM","world_bank_country_code":"IMN","name":"Isle of Man","slug":"isle-of-man","lat":null,"lon":null},{"country_id":127,"iso_country_code":"IL","world_bank_country_code":"ISR","name":"Israel","slug":"israel","lat":31.41,"lon":35.21},{"country_id":128,"iso_country_code":"IT","world_bank_country_code":"ITA","name":"Italy","slug":"italy","lat":42.88,"lon":12.27},{"country_id":83,"iso_country_code":"IC","world_bank_country_code":"CIV","name":"Ivory Coast","slug":"ivory-coast","lat":7.61,"lon":-5.33},{"country_id":129,"iso_country_code":"JM","world_bank_country_code":"JAM","name":"Jamaica","slug":"jamaica","lat":18.19,"lon":-77.15},{"country_id":131,"iso_country_code":"JP","world_bank_country_code":"JPN","name":"Japan","slug":"japan","lat":36.96,"lon":138.85},{"country_id":307,"iso_country_code":"JE","world_bank_country_code":"JEY","name":"Jersey","slug":"jersey","lat":null,"lon":null},{"country_id":130,"iso_country_code":"JO","world_bank_country_code":"JOR","name":"Jordan","slug":"jordan","lat":31.16,"lon":37.03},{"country_id":132,"iso_country_code":"KZ","world_bank_country_code":"KAZ","name":"Kazakhstan","slug":"kazakhstan","lat":48.19,"lon":67.56},{"country_id":133,"iso_country_code":"KE","world_bank_country_code":"KEN","name":"Kenya","slug":"kenya","lat":0.42,"lon":38.01},{"country_id":270,"iso_country_code":"KI","world_bank_country_code":"KIR","name":"Kiribati","slug":"kiribati","lat":null,"lon":null},{"country_id":271,"iso_country_code":"KV","world_bank_country_code":"","name":"Kosovo","slug":"kosovo","lat":null,"lon":null},{"country_id":137,"iso_country_code":"KW","world_bank_country_code":"KWT","name":"Kuwait","slug":"kuwait","lat":29.16,"lon":47.76},{"country_id":134,"iso_country_code":"KG","world_bank_country_code":"KGZ","name":"Kyrgyzstan","slug":"kyrgyzstan","lat":41.49,"lon":74.82},{"country_id":138,"iso_country_code":"LA","world_bank_country_code":"LAO","name":"Laos","slug":"laos","lat":18.45,"lon":103.87},{"country_id":146,"iso_country_code":"LV","world_bank_country_code":"LVA","name":"Latvia","slug":"latvia","lat":56.85,"lon":25.17},{"country_id":139,"iso_country_code":"LB","world_bank_country_code":"LBN","name":"Lebanon","slug":"lebanon","lat":33.79,"lon":35.98},{"country_id":143,"iso_country_code":"LS","world_bank_country_code":"LSO","name":"Lesotho","slug":"lesotho","lat":-29.69,"lon":28.43},{"country_id":140,"iso_country_code":"LR","world_bank_country_code":"LBR","name":"Liberia","slug":"liberia","lat":6.43,"lon":-9.06},{"country_id":141,"iso_country_code":"LY","world_bank_country_code":"LBY","name":"Libya","slug":"libya","lat":26.99,"lon":18.18},{"country_id":272,"iso_country_code":"LI","world_bank_country_code":"LIE","name":"Liechtenstein","slug":"liechtenstein","lat":null,"lon":null},{"country_id":144,"iso_country_code":"LT","world_bank_country_code":"LTU","name":"Lithuania","slug":"lithuania","lat":55.35,"lon":24.06},{"country_id":145,"iso_country_code":"LU","world_bank_country_code":"LUX","name":"Luxembourg","slug":"luxembourg","lat":49.78,"lon":6.3},{"country_id":273,"iso_country_code":"MO","world_bank_country_code":"MAC","name":"Macao","slug":"macao","lat":null,"lon":null},{"country_id":151,"iso_country_code":"MK","world_bank_country_code":"MKD","name":"Macedonia","slug":"macedonia","lat":41.57,"lon":21.91},{"country_id":149,"iso_country_code":"MG","world_bank_country_code":"MDG","name":"Madagascar","slug":"madagascar","lat":-19.43,"lon":46.92},{"country_id":158,"iso_country_code":"MW","world_bank_country_code":"MWI","name":"Malawi","slug":"malawi","lat":-13.53,"lon":34.49},{"country_id":159,"iso_country_code":"MY","world_bank_country_code":"MYS","name":"Malaysia","slug":"malaysia","lat":2.16,"lon":112.12},{"country_id":238,"iso_country_code":"MV","world_bank_country_code":"MDV","name":"Maldives","slug":"maldives","lat":null,"lon":null},{"country_id":152,"iso_country_code":"ML","world_bank_country_code":"MLI","name":"Mali","slug":"mali","lat":17.33,"lon":-3.31},{"country_id":227,"iso_country_code":"MT","world_bank_country_code":"MLT","name":"Malta","slug":"malta","lat":null,"lon":null},{"country_id":274,"iso_country_code":"MH","world_bank_country_code":"MHL","name":"Marshall Islands","slug":"marshall-islands","lat":null,"lon":null},{"country_id":275,"iso_country_code":"MQ","world_bank_country_code":"MTQ","name":"Martinique","slug":"martinique","lat":null,"lon":null},{"country_id":157,"iso_country_code":"MR","world_bank_country_code":"MRT","name":"Mauritania","slug":"mauritania","lat":20.27,"lon":-10.07},{"country_id":239,"iso_country_code":"MU","world_bank_country_code":"MUS","name":"Mauritius","slug":"mauritius","lat":null,"lon":null},{"country_id":276,"iso_country_code":"YT","world_bank_country_code":"MYT","name":"Mayotte","slug":"mayotte","lat":null,"lon":null},{"country_id":150,"iso_country_code":"MX","world_bank_country_code":"MEX","name":"Mexico","slug":"mexico","lat":23.92,"lon":-102.3},{"country_id":277,"iso_country_code":"FM","world_bank_country_code":"FSM","name":"Micronesia, Federated States of","slug":"micronesia-federated-states-of","lat":null,"lon":null},{"country_id":148,"iso_country_code":"MD","world_bank_country_code":"MDA","name":"Moldova","slug":"moldova","lat":47.2,"lon":28.66},{"country_id":278,"iso_country_code":"MC","world_bank_country_code":"MCO","name":"Monaco","slug":"monaco","lat":null,"lon":null},{"country_id":154,"iso_country_code":"MN","world_bank_country_code":"MNG","name":"Mongolia","slug":"mongolia","lat":46.85,"lon":103.27},{"country_id":155,"iso_country_code":"ME","world_bank_country_code":"MON","name":"Montenegro","slug":"montenegro","lat":42.79,"lon":19.45},{"country_id":279,"iso_country_code":"MS","world_bank_country_code":"MSR","name":"Montserrat","slug":"montserrat","lat":null,"lon":null},{"country_id":147,"iso_country_code":"MA","world_bank_country_code":"MAR","name":"Morocco","slug":"morocco","lat":31.83,"lon":-6.1},{"country_id":156,"iso_country_code":"MZ","world_bank_country_code":"MOZ","name":"Mozambique","slug":"mozambique","lat":-17.29,"lon":35.73},{"country_id":153,"iso_country_code":"MM","world_bank_country_code":"MMR","name":"Myanmar (Burma)","slug":"myanmar-burma","lat":21.17,"lon":96.67},{"country_id":160,"iso_country_code":"NA","world_bank_country_code":"NAM","name":"Namibia","slug":"namibia","lat":-22.1,"lon":17.41},{"country_id":280,"iso_country_code":"NR","world_bank_country_code":"NRU","name":"Nauru","slug":"nauru","lat":null,"lon":null},{"country_id":166,"iso_country_code":"NP","world_bank_country_code":"NPL","name":"Nepal","slug":"nepal","lat":28.3,"lon":84.17},{"country_id":243,"iso_country_code":"AN","world_bank_country_code":"ANT","name":"Netherlands Antilles","slug":"netherlands-antilles","lat":null,"lon":null},{"country_id":233,"iso_country_code":"NC","world_bank_country_code":"NCL","name":"New Caledonia","slug":"new-caledonia","lat":null,"lon":null},{"country_id":167,"iso_country_code":"NZ","world_bank_country_code":"NZL","name":"New Zealand","slug":"new-zealand","lat":-41.81,"lon":172.9},{"country_id":163,"iso_country_code":"NI","world_bank_country_code":"NIC","name":"Nicaragua","slug":"nicaragua","lat":12.86,"lon":-84.9},{"country_id":161,"iso_country_code":"NE","world_bank_country_code":"NER","name":"Niger","slug":"niger","lat":17.42,"lon":9.58},{"country_id":162,"iso_country_code":"NG","world_bank_country_code":"NGA","name":"Nigeria","slug":"nigeria","lat":9.58,"lon":8.28},{"country_id":281,"iso_country_code":"NU","world_bank_country_code":"NIU","name":"Niue","slug":"niue","lat":null,"lon":null},{"country_id":282,"iso_country_code":"NF","world_bank_country_code":"NFK","name":"Norfolk Island","slug":"norfolk-island","lat":null,"lon":null},{"country_id":283,"iso_country_code":"MP","world_bank_country_code":"MNP","name":"Northern Mariana Islands","slug":"northern-mariana-islands","lat":null,"lon":null},{"country_id":165,"iso_country_code":"NO","world_bank_country_code":"NOR","name":"Norway","slug":"norway","lat":67.47,"lon":15.77},{"country_id":168,"iso_country_code":"OM","world_bank_country_code":"OMN","name":"Oman","slug":"oman","lat":20.43,"lon":56.14},{"country_id":169,"iso_country_code":"PK","world_bank_country_code":"PAK","name":"Pakistan","slug":"pakistan","lat":29.92,"lon":69.56},{"country_id":284,"iso_country_code":"PW","world_bank_country_code":"PLW","name":"Palau","slug":"palau","lat":null,"lon":null},{"country_id":285,"iso_country_code":"PS","world_bank_country_code":"PSE","name":"Palestine, State of","slug":"palestine-state-of","lat":null,"lon":null},{"country_id":170,"iso_country_code":"PA","world_bank_country_code":"PAN","name":"Panama","slug":"panama","lat":8.57,"lon":-79.91},{"country_id":173,"iso_country_code":"PG","world_bank_country_code":"PNG","name":"Papua New Guinea","slug":"papua-new-guinea","lat":-6.62,"lon":144.83},{"country_id":178,"iso_country_code":"PY","world_bank_country_code":"PRY","name":"Paraguay","slug":"paraguay","lat":-23.2,"lon":-58.17},{"country_id":171,"iso_country_code":"PE","world_bank_country_code":"PER","name":"Peru","slug":"peru","lat":-9.18,"lon":-74.14},{"country_id":172,"iso_country_code":"PH","world_bank_country_code":"PHL","name":"Philippines","slug":"philippines","lat":11.07,"lon":122.99},{"country_id":174,"iso_country_code":"PL","world_bank_country_code":"POL","name":"Poland","slug":"poland","lat":52.14,"lon":19.64},{"country_id":177,"iso_country_code":"PT","world_bank_country_code":"PRT","name":"Portugal","slug":"portugal","lat":39.69,"lon":-7.76},{"country_id":175,"iso_country_code":"PR","world_bank_country_code":"PRI","name":"Puerto Rico","slug":"puerto-rico","lat":18.28,"lon":-66.32},{"country_id":179,"iso_country_code":"QA","world_bank_country_code":"QAT","name":"Qatar","slug":"qatar","lat":25.23,"lon":51.43},{"country_id":304,"iso_country_code":"RE","world_bank_country_code":"REU","name":"Reunion","slug":"reunion","lat":-21.1,"lon":55.6},{"country_id":180,"iso_country_code":"RO","world_bank_country_code":"ROM","name":"Romania","slug":"romania","lat":45.91,"lon":25.18},{"country_id":181,"iso_country_code":"RU","world_bank_country_code":"RUS","name":"Russia","slug":"russia","lat":61.7,"lon":96.86},{"country_id":182,"iso_country_code":"RW","world_bank_country_code":"RWA","name":"Rwanda","slug":"rwanda","lat":-2.08,"lon":30.07},{"country_id":308,"iso_country_code":"BL","world_bank_country_code":"BLM","name":"Saint Barth\u00e9lemy","slug":"saint-barthelemy","lat":22.7,"lon":-83.2},{"country_id":286,"iso_country_code":"SH","world_bank_country_code":"SHN","name":"Saint Helena","slug":"saint-helena","lat":null,"lon":null},{"country_id":287,"iso_country_code":"KN","world_bank_country_code":"KNA","name":"Saint Kitts and Nevis","slug":"saint-kitts-and-nevis","lat":null,"lon":null},{"country_id":244,"iso_country_code":"LC","world_bank_country_code":"LCA","name":"Saint Lucia","slug":"saint-lucia","lat":null,"lon":null},{"country_id":288,"iso_country_code":"MF","world_bank_country_code":"MAF","name":"Saint Martin (French part)","slug":"saint-martin-french-part","lat":null,"lon":null},{"country_id":289,"iso_country_code":"PM","world_bank_country_code":"SPM","name":"Saint Pierre and Miquelon","slug":"saint-pierre-and-miquelon","lat":null,"lon":null},{"country_id":249,"iso_country_code":"VC","world_bank_country_code":"VCT","name":"Saint Vincent and the Grenadines","slug":"saint-vincent-and-the-grenadines","lat":null,"lon":null},{"country_id":290,"iso_country_code":"WS","world_bank_country_code":"WSM","name":"Samoa","slug":"samoa","lat":null,"lon":null},{"country_id":291,"iso_country_code":"SM","world_bank_country_code":"SMR","name":"San Marino","slug":"san-marino","lat":null,"lon":null},{"country_id":292,"iso_country_code":"ST","world_bank_country_code":"STP","name":"Sao Tome and Principe","slug":"sao-tome-and-principe","lat":null,"lon":null},{"country_id":183,"iso_country_code":"SA","world_bank_country_code":"SAU","name":"Saudi Arabia","slug":"saudi-arabia","lat":23.93,"lon":44.68},{"country_id":185,"iso_country_code":"SN","world_bank_country_code":"SEN","name":"Senegal","slug":"senegal","lat":14.45,"lon":-14.23},{"country_id":189,"iso_country_code":"RS","world_bank_country_code":"SRB","name":"Serbia","slug":"serbia","lat":44.05,"lon":20.99},{"country_id":293,"iso_country_code":"SC","world_bank_country_code":"SYC","name":"Seychelles","slug":"seychelles","lat":null,"lon":null},{"country_id":186,"iso_country_code":"SL","world_bank_country_code":"SLE","name":"Sierra Leone","slug":"sierra-leone","lat":8.54,"lon":-11.51},{"country_id":220,"iso_country_code":"SG","world_bank_country_code":"SGP","name":"Singapore","slug":"singapore","lat":1.3403,"lon":103.7758},{"country_id":337,"iso_country_code":"SX","world_bank_country_code":"SXM","name":"Sint Maarten (Dutch part)","slug":"sint-maarten-dutch-part","lat":18.0667,"lon":-63.05},{"country_id":191,"iso_country_code":"SK","world_bank_country_code":"SVK","name":"Slovakia","slug":"slovakia","lat":48.79,"lon":19.75},{"country_id":192,"iso_country_code":"SI","world_bank_country_code":"SVN","name":"Slovenia","slug":"slovenia","lat":46.13,"lon":15.01},{"country_id":242,"iso_country_code":"SB","world_bank_country_code":"SLB","name":"Solomon Islands","slug":"solomon-islands","lat":null,"lon":null},{"country_id":188,"iso_country_code":"SO","world_bank_country_code":"SOM","name":"Somalia","slug":"somalia","lat":6.04,"lon":46.06},{"country_id":215,"iso_country_code":"ZA","world_bank_country_code":"ZAF","name":"South Africa","slug":"south-africa","lat":-29.05,"lon":25.22},{"country_id":294,"iso_country_code":"GS","world_bank_country_code":"SGS","name":"South Georgia and the South Sandwich Islands","slug":"south-georgia-and-the-south-sandwich","lat":null,"lon":null},{"country_id":136,"iso_country_code":"KR","world_bank_country_code":"KOR","name":"South Korea","slug":"south-korea","lat":36.45,"lon":127.94},{"country_id":339,"iso_country_code":"SS","world_bank_country_code":"SSD","name":"South Sudan","slug":"south-sudan","lat":6.9833,"lon":30.45},{"country_id":99,"iso_country_code":"ES","world_bank_country_code":"ESP","name":"Spain","slug":"spain","lat":40.4,"lon":-3.39},{"country_id":142,"iso_country_code":"LK","world_bank_country_code":"LKA","name":"Sri Lanka","slug":"sri-lanka","lat":7.57,"lon":80.88},{"country_id":184,"iso_country_code":"SD","world_bank_country_code":"SDN","name":"Sudan","slug":"sudan","lat":13.77,"lon":30.22},{"country_id":190,"iso_country_code":"SR","world_bank_country_code":"SUR","name":"Suriname","slug":"suriname","lat":4.1,"lon":-55.63},{"country_id":295,"iso_country_code":"SJ","world_bank_country_code":"SJM","name":"Svalbard and Jan Mayen","slug":"svalbard-and-jan-mayen","lat":null,"lon":null},{"country_id":194,"iso_country_code":"SZ","world_bank_country_code":"SWZ","name":"Swaziland","slug":"swaziland","lat":-26.65,"lon":31.7},{"country_id":193,"iso_country_code":"SE","world_bank_country_code":"SWE","name":"Sweden","slug":"sweden","lat":62.75,"lon":16.86},{"country_id":80,"iso_country_code":"CH","world_bank_country_code":"CHE","name":"Switzerland","slug":"switzerland","lat":46.84,"lon":8.35},{"country_id":204,"iso_country_code":"TW","world_bank_country_code":"TWN","name":"Taiwan","slug":"taiwan","lat":23.64,"lon":121},{"country_id":199,"iso_country_code":"TJ","world_bank_country_code":"TJK","name":"Tajikistan","slug":"tajikistan","lat":38.51,"lon":71.28},{"country_id":205,"iso_country_code":"TZ","world_bank_country_code":"TZA","name":"Tanzania","slug":"tanzania","lat":-6.4,"lon":35},{"country_id":198,"iso_country_code":"TH","world_bank_country_code":"THA","name":"Thailand","slug":"thailand","lat":15.08,"lon":101.14},{"country_id":164,"iso_country_code":"NL","world_bank_country_code":"NLD","name":"The Netherlands","slug":"the-netherlands","lat":52.21,"lon":5.82},{"country_id":296,"iso_country_code":"TL","world_bank_country_code":"TLS","name":"Timor-Leste","slug":"timor-leste","lat":null,"lon":null},{"country_id":197,"iso_country_code":"TG","world_bank_country_code":"TGO","name":"Togo","slug":"togo","lat":8.55,"lon":1.16},{"country_id":297,"iso_country_code":"TK","world_bank_country_code":"TKL","name":"Tokelau","slug":"tokelau","lat":null,"lon":null},{"country_id":298,"iso_country_code":"TO","world_bank_country_code":"TON","name":"Tonga","slug":"tonga","lat":null,"lon":null},{"country_id":201,"iso_country_code":"TT","world_bank_country_code":"TTO","name":"Trinidad","slug":"trinidad","lat":10.42,"lon":-61.29},{"country_id":202,"iso_country_code":"TN","world_bank_country_code":"TUN","name":"Tunisia","slug":"tunisia","lat":34.09,"lon":9.74},{"country_id":203,"iso_country_code":"TR","world_bank_country_code":"TUR","name":"Turkey","slug":"turkey","lat":39.02,"lon":35.36},{"country_id":200,"iso_country_code":"TM","world_bank_country_code":"TKM","name":"Turkmenistan","slug":"turkmenistan","lat":39.13,"lon":59.7},{"country_id":299,"iso_country_code":"TC","world_bank_country_code":"TCA","name":"Turks and Caicos Islands","slug":"turks-and-caicos-islands","lat":null,"lon":null},{"country_id":300,"iso_country_code":"TV","world_bank_country_code":"TUV","name":"Tuvalu","slug":"tuvalu","lat":null,"lon":null},{"country_id":206,"iso_country_code":"UG","world_bank_country_code":"UGA","name":"Uganda","slug":"uganda","lat":1.22,"lon":32.52},{"country_id":207,"iso_country_code":"UA","world_bank_country_code":"UKR","name":"Ukraine","slug":"ukraine","lat":49.06,"lon":31.56},{"country_id":58,"iso_country_code":"AE","world_bank_country_code":"ARE","name":"United Arab Emirates","slug":"united-arab-emirates","lat":23.54,"lon":54.3},{"country_id":105,"iso_country_code":"GB","world_bank_country_code":"GBR","name":"United Kingdom","slug":"united-kingdom","lat":53.89,"lon":-2.59},{"country_id":209,"iso_country_code":"US","world_bank_country_code":"USA","name":"United States","slug":"united-states","lat":39.83333,"lon":-98.58333},{"country_id":302,"iso_country_code":"UM","world_bank_country_code":"UMI","name":"United States Minor Outlying Islands","slug":"united-states-minor-outlying-islands","lat":null,"lon":null},{"country_id":208,"iso_country_code":"UY","world_bank_country_code":"URY","name":"Uruguay","slug":"uruguay","lat":-32.87,"lon":-55.79},{"country_id":248,"iso_country_code":"VI","world_bank_country_code":"VIR","name":"U.S. Virgin Islands","slug":"us-virgin-islands","lat":null,"lon":null},{"country_id":210,"iso_country_code":"UZ","world_bank_country_code":"UZB","name":"Uzbekistan","slug":"uzbekistan","lat":41.77,"lon":63.49},{"country_id":221,"iso_country_code":"VU","world_bank_country_code":"VUT","name":"Vanuatu","slug":"vanuatu","lat":17.1,"lon":168.7},{"country_id":211,"iso_country_code":"VE","world_bank_country_code":"VEN","name":"Venezuela","slug":"venezuela","lat":7.08,"lon":-65.91},{"country_id":212,"iso_country_code":"VN","world_bank_country_code":"VNM","name":"Vietnam","slug":"vietnam","lat":16.69,"lon":106.41},{"country_id":224,"iso_country_code":"WF","world_bank_country_code":"WLF","name":"Wallis and Futuna","slug":"wallis-and-futuna","lat":13.2,"lon":176.2},{"country_id":213,"iso_country_code":"EH","world_bank_country_code":"WSH","name":"Western Sahara","slug":"western-sahara","lat":24.62,"lon":-12.9},{"country_id":214,"iso_country_code":"YE","world_bank_country_code":"YEM","name":"Yemen","slug":"yemen","lat":15.79,"lon":47.82},{"country_id":216,"iso_country_code":"CD","world_bank_country_code":"COD","name":"Zaire (Democratic Republic of Congo)","slug":"zaire-democratic-republic-of-congo","lat":-2.92,"lon":23.77},{"country_id":217,"iso_country_code":"ZM","world_bank_country_code":"ZMB","name":"Zambia","slug":"zambia","lat":-13.5,"lon":27.95},{"country_id":218,"iso_country_code":"ZW","world_bank_country_code":"ZWE","name":"Zimbabwe","slug":"zimbabwe","lat":-19.06,"lon":30.06}],"params":null,"type":"Country","pagination":[]}